sale_id,customer_id,product,amount,sale_date,status
0,185,Product C,529.09,2024-05-28 21:30:42.355742,Lead
1,530,Product C,562.96,2023-11-21 17:33:04.232004,Pending
2,694,Product C,721.65,2020-06-11 06:47:09.762003,Pending
3,312,Product D,261.64,2024-02-10 13:21:16.164759,Closed
4,113,Product C,339.21,2022-10-09 09:19:58.316668,Pending
5,57,Product A,345.39,2021-03-07 07:02:59.959891,Pending
6,504,Product C,438.22,2021-06-10 18:27:34.135428,Closed
7,439,Product A,810.25,2020-11-30 04:20:09.971067,Closed
8,524,Product A,116.66,2020-11-07 06:16:25.372627,Lead
9,356,Product B,909.23,2021-05-29 17:10:51.453236,Closed
10,88,Product D,551.84,2024-06-03 13:44:03.821374,Closed
11,111,Product B,433.83,2022-07-04 09:42:00.934907,Lead
12,874,Product C,450.96,2023-07-02 11:17:37.697573,Opportunity
13,61,Product A,918.19,2023-06-21 12:47:45.146025,Pending
14,479,Product B,651.51,2023-08-04 06:33:29.254076,Pending
15,293,Product B,446.46,2021-03-28 17:34:26.246654,Lead
16,161,Product C,468.43,2021-08-10 15:24:19.763168,Pending
17,948,Product D,893.99,2024-01-09 17:31:25.187448,Closed
18,894,Product C,831.2,2023-02-15 01:49:31.511236,Lead
19,355,Product C,194.44,2024-01-24 22:26:05.607484,Lead
20,71,Product A,884.63,2020-01-29 07:14:46.522218,Pending
21,416,Product C,173.1,2022-03-11 15:12:22.417673,Opportunity
22,739,Product B,646.4,2021-02-19 07:31:30.632255,Closed
23,227,Product D,144.08,2023-04-17 23:17:50.037524,Closed
24,792,Product C,819.28,2020-02-08 19:20:29.476631,Lead
25,396,Product C,955.05,2023-07-27 15:36:13.284275,Opportunity
26,347,Product B,969.11,2022-01-31 18:40:31.595589,Closed
27,957,Product A,431.44,2023-09-09 23:51:00.248803,Closed
28,253,Product C,560.04,2022-04-27 05:51:36.204427,Opportunity
29,66,Product C,951.74,2022-02-04 10:36:30.319667,Closed
30,290,Product B,631.27,2021-04-16 08:31:26.236811,Opportunity
31,297,Product A,650.89,2024-04-12 21:10:02.193646,Lead
32,698,Product A,293.79,2023-11-02 07:56:09.585361,Opportunity
33,971,Product D,191.25,2023-02-23 18:55:23.930924,Closed
34,955,Product A,771.01,2020-01-24 05:15:47.085498,Lead
35,479,Product B,532.69,2020-06-11 19:24:29.388485,Opportunity
36,681,Product A,736.89,2020-04-27 12:40:34.570733,Pending
37,222,Product C,441.74,2022-10-08 07:11:36.893705,Opportunity
38,15,Product A,697.57,2023-02-19 00:14:20.489130,Closed
39,58,Product D,722.68,2023-10-07 15:30:02.938497,Opportunity
40,360,Product A,134.25,2023-09-07 18:34:11.188208,Lead
41,170,Product A,782.99,2024-01-30 10:15:40.187767,Pending
42,936,Product C,568.09,2023-10-02 08:03:01.015156,Closed
43,33,Product A,395.76,2020-08-15 23:18:09.361171,Pending
44,89,Product C,130.35,2022-11-23 14:17:01.007929,Opportunity
45,43,Product B,763.16,2023-09-02 02:02:03.639375,Closed
46,932,Product B,825.61,2022-08-28 07:27:59.242229,Lead
47,909,Product A,205.75,2021-09-20 20:05:44.276146,Pending
48,674,Product D,439.36,2020-05-29 01:48:04.696015,Opportunity
49,200,Product B,213.84,2022-06-17 16:35:18.237166,Opportunity
50,656,Product D,452.78,2023-01-18 11:51:39.783563,Closed
51,576,Product B,774.06,2022-07-18 03:42:01.929407,Opportunity
52,783,Product D,667.57,2020-07-14 12:16:27.203266,Lead
53,105,Product D,184.8,2023-07-26 14:00:19.064028,Closed
54,220,Product A,471.06,2022-04-01 04:16:36.998583,Closed
55,610,Product C,796.51,2020-09-27 14:31:54.716610,Opportunity
56,795,Product A,274.29,2020-09-23 23:54:00.001655,Lead
57,268,Product C,414.52,2023-04-24 23:55:37.419122,Opportunity
58,493,Product C,456.86,2021-08-08 01:21:44.479039,Opportunity
59,156,Product D,209.46,2024-06-13 21:51:03.981245,Pending
60,176,Product D,122.37,2023-03-05 14:47:40.556921,Lead
61,820,Product A,282.99,2024-06-04 02:50:28.256113,Lead
62,43,Product B,233.12,2024-02-02 09:31:00.569049,Lead
63,294,Product B,398.09,2023-12-02 01:05:46.347523,Lead
64,261,Product C,630.89,2021-08-23 08:06:10.756541,Opportunity
65,93,Product D,561.72,2024-05-18 00:08:39.133358,Opportunity
66,715,Product A,888.7,2021-03-01 19:31:31.551794,Pending
67,928,Product C,767.18,2021-09-21 22:29:58.678685,Closed
68,299,Product D,549.58,2022-12-24 11:10:32.911743,Lead
69,194,Product B,281.0,2022-03-03 18:29:20.395288,Pending
70,551,Product D,266.01,2022-06-25 07:40:01.707234,Closed
71,323,Product A,587.09,2023-01-04 09:33:32.221717,Pending
72,193,Product C,947.07,2023-09-01 12:12:35.255148,Closed
73,252,Product D,241.01,2023-12-04 07:15:57.717112,Closed
74,403,Product A,532.42,2021-07-11 09:56:09.943811,Opportunity
75,160,Product B,284.34,2022-11-05 10:14:51.779722,Lead
76,975,Product C,567.47,2020-07-07 10:28:08.230416,Closed
77,589,Product A,478.43,2020-07-16 11:35:41.772345,Closed
78,416,Product A,218.18,2021-11-17 11:09:16.584356,Opportunity
79,528,Product B,854.89,2020-12-26 08:44:34.036325,Opportunity
80,729,Product A,491.03,2022-08-04 17:43:07.907878,Closed
81,573,Product D,743.89,2023-03-19 10:05:02.430028,Opportunity
82,779,Product D,399.32,2020-09-16 01:10:24.239937,Opportunity
83,838,Product D,280.97,2023-08-31 11:27:42.732783,Lead
84,609,Product B,365.24,2023-06-02 15:47:18.050866,Lead
85,880,Product C,360.26,2024-01-11 22:13:56.592585,Opportunity
86,384,Product A,507.67,2023-12-29 12:55:32.814932,Pending
87,258,Product B,461.89,2022-04-05 08:21:15.463362,Lead
88,253,Product B,701.82,2023-02-01 17:30:28.835092,Opportunity
89,437,Product B,514.23,2021-06-06 23:02:39.273360,Opportunity
90,100,Product A,938.63,2020-09-01 00:49:50.240455,Opportunity
91,890,Product B,375.86,2021-08-24 10:54:24.552809,Closed
92,27,Product C,148.19,2023-03-08 01:01:14.944854,Closed
93,55,Product C,113.34,2022-12-12 05:31:56.430951,Opportunity
94,777,Product B,219.29,2021-05-18 06:00:28.906502,Closed
95,764,Product A,872.61,2021-05-11 15:07:40.749482,Closed
96,298,Product B,793.7,2020-02-25 04:38:55.008836,Lead
97,577,Product D,310.86,2023-05-21 11:34:46.166286,Pending
98,986,Product A,940.39,2021-09-16 20:59:36.250044,Lead
99,664,Product C,185.38,2023-10-25 07:14:40.406517,Pending
100,422,Product B,501.27,2022-09-15 19:04:44.583227,Closed
101,118,Product B,330.18,2023-08-08 16:45:38.577246,Closed
102,784,Product D,809.45,2022-02-07 08:39:39.100108,Lead
103,273,Product A,214.99,2020-08-23 15:03:23.138063,Pending
104,109,Product C,214.05,2022-01-10 19:37:50.363830,Lead
105,598,Product B,791.79,2021-06-26 06:44:02.640753,Lead
106,91,Product A,123.59,2022-06-20 07:05:57.557196,Lead
107,386,Product B,181.97,2022-09-10 02:22:26.769345,Lead
108,509,Product B,897.2,2023-12-10 11:59:44.536793,Lead
109,182,Product B,186.79,2023-02-10 22:59:49.280048,Closed
110,905,Product A,568.27,2024-07-18 14:30:56.006896,Closed
111,288,Product B,664.04,2021-06-24 13:11:32.814575,Closed
112,925,Product C,975.65,2022-01-21 01:30:32.335272,Closed
113,874,Product A,805.87,2023-09-19 16:04:23.928941,Pending
114,366,Product B,721.49,2023-04-29 02:38:03.969322,Closed
115,126,Product A,306.88,2021-12-04 06:26:37.472502,Lead
116,339,Product D,802.32,2023-06-02 08:33:11.621057,Opportunity
117,419,Product A,662.11,2023-05-20 07:55:29.956363,Pending
118,457,Product D,989.96,2023-08-26 21:41:30.859165,Opportunity
119,165,Product D,337.13,2021-04-13 04:12:24.552553,Lead
120,967,Product B,167.63,2020-08-28 23:11:55.824813,Lead
121,67,Product A,161.57,2020-08-15 00:56:20.143814,Pending
122,166,Product C,588.96,2024-01-14 21:14:08.481123,Pending
123,326,Product A,151.36,2020-01-01 22:01:42.290640,Lead
124,486,Product A,983.51,2023-01-02 01:02:22.565933,Closed
125,200,Product C,565.58,2023-12-13 06:07:36.458296,Pending
126,683,Product D,878.22,2023-03-16 20:52:57.362954,Lead
127,459,Product C,595.84,2021-07-15 10:11:32.142945,Lead
128,870,Product B,676.45,2023-08-01 17:38:49.802683,Opportunity
129,550,Product A,878.67,2023-12-19 05:25:43.600181,Pending
130,399,Product C,628.49,2023-11-30 11:39:27.704369,Opportunity
131,267,Product A,733.79,2023-09-02 08:43:11.776977,Lead
132,674,Product B,412.82,2023-07-10 05:48:49.839527,Lead
133,722,Product A,455.17,2020-11-11 08:15:49.469445,Opportunity
134,295,Product A,903.38,2020-02-22 19:21:12.121530,Closed
135,109,Product B,377.97,2020-12-01 02:45:15.249677,Pending
136,473,Product D,958.69,2020-07-01 06:26:01.855550,Pending
137,796,Product D,555.03,2022-05-28 10:39:40.520105,Closed
138,652,Product A,814.09,2023-03-26 01:26:29.871990,Opportunity
139,904,Product C,645.47,2022-05-29 14:28:37.746840,Closed
140,368,Product C,642.58,2021-03-30 06:37:07.041542,Lead
141,823,Product C,552.36,2020-05-30 13:22:46.614357,Lead
142,851,Product A,522.23,2020-09-23 01:37:55.129107,Opportunity
143,491,Product B,331.07,2023-12-12 10:39:54.043728,Lead
144,133,Product B,501.04,2024-03-08 16:20:10.215613,Closed
145,841,Product A,785.64,2023-01-17 15:53:19.523799,Opportunity
146,977,Product D,230.38,2023-10-12 12:39:43.706675,Pending
147,531,Product C,247.91,2022-10-19 15:01:31.543461,Opportunity
148,700,Product C,397.5,2020-07-05 10:49:27.890957,Lead
149,477,Product A,787.98,2022-12-16 09:29:00.362485,Closed
150,508,Product C,662.93,2022-02-02 12:50:50.027836,Opportunity
151,578,Product D,837.51,2022-07-02 22:01:31.680240,Pending
152,115,Product B,517.38,2021-08-24 10:29:32.447727,Pending
153,597,Product B,651.37,2020-01-04 16:27:01.959901,Lead
154,893,Product C,403.99,2023-03-28 12:09:45.070426,Closed
155,68,Product A,319.12,2022-12-01 11:51:14.572619,Closed
156,306,Product D,102.7,2022-10-13 05:53:20.921255,Closed
157,597,Product B,432.92,2020-09-15 06:39:42.190114,Pending
158,673,Product B,343.48,2023-08-10 21:34:57.011603,Opportunity
159,660,Product D,284.77,2024-06-18 15:51:44.532853,Closed
160,558,Product C,650.41,2020-02-03 11:55:43.602068,Closed
161,510,Product C,142.17,2021-05-31 02:55:30.052659,Closed
162,958,Product B,227.75,2020-07-20 12:34:18.439003,Closed
163,278,Product A,642.89,2020-02-14 11:28:15.947932,Lead
164,777,Product B,730.7,2022-07-27 21:25:19.876042,Opportunity
165,721,Product C,445.22,2021-02-14 16:35:01.574237,Lead
166,509,Product C,515.48,2020-12-10 15:21:40.261175,Lead
167,226,Product C,179.46,2020-06-07 10:38:32.430295,Opportunity
168,563,Product C,154.86,2023-10-19 10:31:02.795147,Pending
169,828,Product A,671.04,2020-09-16 14:13:36.151165,Lead
170,105,Product B,121.44,2024-04-18 02:30:14.111833,Pending
171,401,Product C,534.01,2020-05-26 10:36:50.346403,Lead
172,71,Product A,102.03,2021-12-10 02:56:03.414911,Pending
173,837,Product A,198.42,2024-01-15 16:55:45.773032,Lead
174,999,Product C,976.84,2021-03-27 02:06:45.298485,Lead
175,844,Product A,422.07,2020-07-24 16:01:46.386011,Pending
176,83,Product D,581.07,2022-09-27 06:23:26.686440,Pending
177,987,Product C,374.31,2021-11-12 14:40:06.009707,Lead
178,461,Product B,738.76,2022-10-21 00:46:41.132723,Pending
179,16,Product B,746.5,2021-06-01 09:43:01.428046,Lead
180,35,Product C,133.76,2023-09-11 15:28:56.752269,Lead
181,57,Product B,880.66,2022-08-01 19:07:25.363354,Pending
182,464,Product B,168.11,2023-09-13 04:50:04.604530,Opportunity
183,388,Product D,764.84,2022-10-19 10:16:35.288116,Lead
184,527,Product B,520.23,2020-05-27 00:33:01.501041,Lead
185,190,Product C,907.98,2020-08-27 14:51:08.246219,Pending
186,826,Product C,595.2,2023-10-03 12:01:02.699434,Pending
187,450,Product B,899.95,2021-12-15 09:21:57.485467,Opportunity
188,678,Product A,580.81,2022-08-14 13:26:05.246298,Pending
189,587,Product B,762.67,2022-02-04 22:16:08.689711,Closed
190,834,Product A,451.76,2020-12-17 00:23:11.720690,Closed
191,220,Product B,494.22,2021-12-12 14:49:52.533665,Pending
192,642,Product C,393.04,2021-10-28 12:24:48.743101,Lead
193,221,Product C,569.71,2021-10-01 06:43:03.157305,Closed
194,879,Product A,462.78,2021-03-04 21:14:44.536123,Lead
195,295,Product C,331.0,2022-11-13 19:44:53.789146,Closed
196,882,Product B,997.17,2021-05-11 02:34:19.018205,Lead
197,254,Product C,280.54,2022-11-08 10:55:59.737789,Lead
198,85,Product C,297.95,2021-09-23 08:32:10.623118,Lead
199,652,Product B,171.44,2023-03-16 00:01:25.098010,Closed
200,165,Product D,357.66,2023-10-01 07:08:43.531656,Lead
201,131,Product B,578.22,2021-06-30 00:02:51.530862,Pending
202,331,Product D,987.99,2023-07-06 14:17:26.108490,Pending
203,95,Product C,905.42,2021-01-15 11:15:47.078252,Closed
204,2,Product A,173.1,2020-08-13 09:28:38.620811,Opportunity
205,335,Product C,698.31,2021-03-20 02:04:47.726817,Lead
206,304,Product A,557.34,2020-01-14 16:23:52.611018,Pending
207,673,Product D,270.08,2022-01-27 17:46:52.351122,Pending
208,371,Product D,782.95,2022-03-06 07:58:00.722384,Opportunity
209,892,Product D,919.61,2020-11-12 14:52:46.543334,Pending
210,872,Product B,599.18,2022-09-19 17:27:39.292872,Closed
211,429,Product D,517.46,2022-03-28 08:18:46.353372,Pending
212,518,Product C,853.91,2021-02-05 23:30:56.959925,Pending
213,878,Product D,241.14,2022-05-31 22:37:51.221755,Closed
214,349,Product D,992.75,2021-07-13 06:54:39.374130,Pending
215,710,Product C,959.29,2023-07-31 01:41:37.476637,Lead
216,81,Product C,894.08,2022-04-26 15:45:23.576266,Pending
217,993,Product C,304.76,2023-10-26 19:38:13.717447,Opportunity
218,579,Product D,806.08,2024-03-15 10:17:27.566493,Lead
219,262,Product B,636.76,2021-04-30 11:45:25.926304,Lead
220,717,Product C,759.68,2021-08-10 07:38:53.936332,Pending
221,811,Product A,802.85,2023-09-01 07:27:21.092294,Closed
222,73,Product C,575.19,2023-09-17 12:48:13.415953,Pending
223,861,Product B,601.08,2021-02-24 15:41:49.750886,Closed
224,690,Product A,457.83,2022-11-19 19:58:30.898550,Lead
225,756,Product D,154.41,2022-01-09 05:32:23.502184,Pending
226,823,Product A,507.36,2023-05-22 16:22:21.574397,Closed
227,301,Product D,528.28,2022-03-24 22:07:46.395806,Pending
228,98,Product A,726.47,2022-08-16 11:41:32.477162,Closed
229,346,Product A,284.83,2021-05-15 02:20:39.306263,Closed
230,606,Product C,162.14,2021-06-17 08:23:54.326731,Lead
231,46,Product B,293.22,2020-01-10 05:42:09.592289,Opportunity
232,897,Product B,474.74,2021-12-19 13:13:52.569238,Lead
233,400,Product C,214.3,2020-07-02 07:43:19.410192,Pending
234,752,Product C,443.0,2023-01-27 05:35:45.108857,Lead
235,957,Product C,932.6,2021-05-28 08:49:08.317626,Lead
236,413,Product B,182.57,2022-02-22 16:57:08.638132,Pending
237,258,Product C,620.48,2020-12-02 18:02:57.798712,Lead
238,490,Product C,449.59,2020-05-04 01:27:50.090606,Lead
239,841,Product B,182.95,2020-04-28 09:51:46.204544,Closed
240,219,Product B,132.3,2021-10-16 13:33:34.740658,Pending
241,75,Product C,489.71,2022-05-23 00:16:17.125133,Lead
242,400,Product C,807.64,2020-04-26 18:50:03.750640,Opportunity
243,488,Product C,385.49,2022-05-01 04:55:47.567426,Pending
244,325,Product D,466.84,2021-12-17 00:53:16.355453,Closed
245,873,Product C,819.31,2022-07-24 13:48:19.326711,Lead
246,846,Product B,416.68,2021-06-04 13:41:57.843089,Lead
247,89,Product A,871.46,2020-04-01 10:50:04.597416,Pending
248,269,Product A,918.42,2023-06-19 09:22:37.278770,Lead
249,479,Product A,723.95,2022-08-29 05:22:16.367389,Opportunity
250,338,Product D,488.9,2023-04-20 18:05:38.587203,Lead
251,511,Product D,517.49,2021-05-12 23:24:46.409472,Lead
252,537,Product C,359.6,2021-10-26 21:15:37.500721,Closed
253,556,Product D,171.4,2024-04-11 05:24:48.356657,Closed
254,969,Product D,854.23,2020-06-08 21:27:02.411422,Opportunity
255,159,Product D,850.64,2020-07-14 05:23:03.779892,Closed
256,601,Product C,771.16,2022-07-24 20:11:13.048257,Opportunity
257,754,Product D,322.89,2020-03-13 10:59:27.940977,Closed
258,971,Product D,516.99,2022-11-06 17:15:12.889448,Closed
259,165,Product C,665.42,2022-08-16 07:10:30.023398,Lead
260,902,Product B,582.6,2021-05-22 09:26:06.213078,Opportunity
261,763,Product C,609.19,2022-11-05 14:12:24.950512,Lead
262,774,Product C,154.96,2023-06-06 15:42:15.983639,Lead
263,851,Product A,548.02,2022-03-29 14:38:59.694402,Opportunity
264,520,Product D,136.97,2021-12-22 16:01:37.406571,Lead
265,84,Product D,319.36,2023-09-12 14:29:44.684061,Lead
266,93,Product B,516.85,2022-12-26 14:17:29.824318,Pending
267,241,Product B,895.54,2022-04-26 10:15:51.035599,Opportunity
268,802,Product D,638.3,2021-05-25 01:00:37.002840,Closed
269,949,Product A,615.56,2022-09-21 09:25:37.636175,Lead
270,706,Product B,317.95,2024-06-12 00:16:15.194225,Opportunity
271,421,Product B,668.46,2022-04-24 22:46:17.922616,Closed
272,808,Product A,739.32,2020-11-05 16:29:05.930111,Opportunity
273,956,Product D,528.53,2022-02-22 21:46:00.791426,Opportunity
274,10,Product B,225.13,2020-01-10 08:12:24.268448,Lead
275,595,Product D,738.64,2020-02-22 02:12:49.603813,Opportunity
276,188,Product D,198.65,2021-12-20 17:28:25.090362,Pending
277,573,Product C,767.14,2020-09-06 06:24:38.847935,Pending
278,630,Product D,643.25,2023-09-11 18:28:46.769471,Opportunity
279,412,Product A,968.32,2020-11-30 15:01:59.245847,Closed
280,194,Product B,545.87,2020-12-15 06:53:08.753878,Closed
281,872,Product C,919.75,2020-07-26 06:23:39.952647,Opportunity
282,141,Product D,888.21,2023-02-09 12:48:17.923939,Pending
283,959,Product B,534.74,2023-03-23 15:26:39.964212,Lead
284,339,Product C,972.09,2022-09-25 12:11:01.566567,Lead
285,240,Product D,440.1,2020-05-07 23:31:30.906255,Pending
286,697,Product A,851.38,2020-01-28 02:29:56.450426,Pending
287,401,Product D,909.97,2020-07-08 02:24:51.535733,Opportunity
288,590,Product A,451.08,2022-01-06 12:38:00.575022,Pending
289,122,Product C,990.21,2021-06-23 21:24:12.987992,Lead
290,599,Product C,492.16,2021-08-07 04:12:20.172553,Closed
291,417,Product D,788.44,2021-11-08 09:10:32.084205,Opportunity
292,488,Product C,685.55,2023-04-22 14:30:01.502481,Pending
293,418,Product D,652.57,2021-05-27 11:58:41.623429,Opportunity
294,814,Product C,699.6,2022-05-05 05:16:45.651313,Lead
295,643,Product B,666.39,2022-01-18 21:00:09.389456,Lead
296,886,Product B,362.14,2021-09-24 12:57:00.946544,Opportunity
297,933,Product D,135.78,2021-05-11 01:14:47.591903,Pending
298,869,Product A,475.6,2021-01-16 11:30:06.780017,Closed
299,866,Product D,697.91,2023-11-01 02:41:37.990847,Opportunity
300,535,Product A,833.84,2023-09-06 00:28:51.844470,Pending
301,329,Product C,940.94,2022-05-03 15:39:37.167977,Closed
302,843,Product B,410.93,2022-12-01 08:59:09.447893,Closed
303,350,Product D,132.38,2024-02-15 07:08:42.886963,Closed
304,148,Product D,383.94,2022-09-10 08:49:49.096849,Opportunity
305,530,Product B,319.11,2022-08-08 13:42:06.526666,Lead
306,87,Product D,673.52,2021-03-25 17:00:20.721767,Lead
307,213,Product C,774.37,2022-08-19 00:24:14.455657,Opportunity
308,483,Product A,516.01,2021-10-26 19:43:09.055452,Opportunity
309,436,Product C,649.77,2021-06-17 12:57:17.731151,Opportunity
310,264,Product A,676.13,2024-02-10 08:44:24.837919,Closed
311,965,Product B,123.5,2021-03-17 08:27:52.543364,Opportunity
312,761,Product C,899.61,2023-10-23 11:02:57.041861,Pending
313,172,Product B,102.07,2021-11-27 18:54:24.797200,Opportunity
314,891,Product B,668.38,2022-05-27 22:29:13.641593,Closed
315,526,Product C,957.94,2023-12-22 07:41:39.110944,Pending
316,791,Product B,926.81,2024-02-10 02:07:42.748759,Lead
317,269,Product A,618.01,2023-09-20 01:31:26.401156,Closed
318,836,Product A,554.22,2023-03-13 23:09:57.185321,Lead
319,320,Product D,472.75,2020-10-15 02:36:56.809581,Pending
320,558,Product C,881.68,2020-06-17 16:12:27.321687,Lead
321,400,Product C,487.15,2023-11-22 15:58:21.016920,Lead
322,508,Product A,934.35,2020-02-13 10:01:42.818271,Lead
323,350,Product B,645.31,2022-02-06 08:42:54.290638,Opportunity
324,391,Product D,672.32,2020-07-25 16:38:22.104185,Opportunity
325,269,Product B,449.3,2023-06-16 04:02:23.935124,Lead
326,286,Product D,504.68,2023-01-23 07:39:24.157901,Lead
327,132,Product A,554.38,2021-04-10 08:40:23.028850,Lead
328,692,Product C,220.41,2021-12-21 03:12:50.026358,Pending
329,600,Product D,241.44,2021-10-17 02:00:03.954359,Pending
330,80,Product A,882.97,2024-05-04 18:40:21.181969,Closed
331,178,Product B,193.12,2021-09-29 16:59:07.422989,Pending
332,858,Product C,171.25,2023-11-25 10:27:53.628969,Pending
333,784,Product C,153.58,2021-09-11 04:19:03.866328,Closed
334,436,Product B,766.1,2024-05-20 16:20:57.586398,Opportunity
335,883,Product A,415.6,2021-12-03 01:49:02.540394,Pending
336,273,Product B,763.24,2022-11-02 23:30:46.137696,Opportunity
337,455,Product A,173.24,2024-07-09 16:04:21.409427,Pending
338,0,Product C,588.52,2023-08-14 21:01:14.779041,Closed
339,345,Product B,248.21,2024-04-22 02:46:57.559292,Opportunity
340,615,Product A,380.11,2024-07-13 23:30:21.915429,Closed
341,938,Product D,949.24,2023-05-19 20:39:56.730428,Opportunity
342,953,Product A,995.55,2021-04-24 23:10:20.758610,Opportunity
343,426,Product B,815.32,2021-11-19 04:02:29.551264,Pending
344,468,Product C,243.38,2023-12-05 21:18:03.244495,Pending
345,968,Product A,652.83,2022-04-19 20:38:13.762365,Pending
346,464,Product C,602.11,2022-09-05 17:29:28.458028,Pending
347,139,Product B,544.42,2023-12-24 09:00:08.476640,Pending
348,284,Product D,729.39,2021-06-11 02:34:17.475652,Opportunity
349,582,Product D,149.13,2021-10-07 13:35:28.614152,Lead
350,582,Product B,688.49,2020-03-07 05:13:38.047250,Opportunity
351,682,Product A,339.63,2021-04-06 12:43:14.866499,Opportunity
352,379,Product D,924.91,2021-04-03 06:16:06.837675,Opportunity
353,989,Product C,868.9,2024-02-06 16:52:19.318599,Closed
354,709,Product D,986.6,2020-09-25 00:30:16.274412,Lead
355,976,Product A,813.76,2020-06-23 12:06:30.173280,Lead
356,137,Product B,366.92,2020-12-23 02:36:51.751018,Pending
357,55,Product C,492.31,2024-05-02 16:01:28.725256,Lead
358,344,Product C,136.09,2022-10-12 10:05:37.241151,Pending
359,458,Product A,847.73,2023-07-03 15:52:21.468275,Pending
360,526,Product D,412.67,2022-12-04 15:04:44.164928,Closed
361,40,Product C,241.82,2023-08-25 21:04:33.905021,Opportunity
362,463,Product D,397.62,2022-06-18 05:08:47.481873,Pending
363,805,Product C,177.37,2022-12-24 00:34:04.542472,Pending
364,757,Product A,239.08,2022-03-20 08:10:34.835299,Opportunity
365,384,Product A,851.06,2020-04-22 10:48:34.191618,Lead
366,325,Product A,726.18,2022-03-03 22:40:36.425943,Closed
367,850,Product D,823.2,2022-11-13 23:10:14.321016,Pending
368,627,Product D,603.17,2022-01-26 14:05:05.754623,Pending
369,951,Product A,654.57,2023-05-13 13:52:29.459163,Lead
370,912,Product C,729.58,2020-03-14 04:19:14.349434,Opportunity
371,782,Product C,311.42,2023-06-18 07:06:31.874104,Closed
372,505,Product C,834.41,2023-10-12 21:30:52.978286,Lead
373,7,Product B,868.41,2020-06-10 04:06:43.323483,Opportunity
374,445,Product C,123.55,2021-12-01 13:34:52.704256,Closed
375,326,Product B,138.31,2021-09-21 06:15:27.008586,Lead
376,577,Product B,920.51,2021-01-30 10:15:49.524635,Closed
377,903,Product B,500.34,2023-02-09 09:26:24.732380,Closed
378,415,Product B,978.1,2021-03-05 12:48:39.598795,Pending
379,579,Product C,991.88,2021-05-15 09:40:54.992367,Opportunity
380,574,Product C,216.37,2020-07-12 05:57:51.221139,Lead
381,280,Product D,413.67,2022-12-01 17:13:17.690817,Opportunity
382,75,Product A,656.94,2021-09-05 21:39:26.642585,Lead
383,304,Product B,250.41,2020-03-28 14:27:11.557950,Closed
384,540,Product A,243.56,2020-05-01 14:28:57.803890,Lead
385,677,Product B,514.1,2022-10-17 01:46:44.057398,Opportunity
386,837,Product D,659.3,2021-10-30 00:39:57.130572,Closed
387,557,Product C,868.91,2024-01-09 05:47:10.908054,Closed
388,52,Product D,416.02,2022-07-16 20:23:16.665499,Lead
389,876,Product D,914.5,2020-11-20 11:38:49.076821,Closed
390,368,Product A,437.02,2024-06-24 17:31:13.370798,Closed
391,608,Product A,988.74,2021-08-20 04:31:46.914425,Opportunity
392,967,Product A,400.01,2022-10-02 11:33:42.408397,Pending
393,439,Product A,479.55,2020-01-21 08:29:18.867382,Lead
394,671,Product A,558.67,2020-02-21 21:50:57.732279,Opportunity
395,671,Product A,472.57,2021-04-20 12:39:33.951527,Pending
396,857,Product B,478.4,2024-06-03 04:38:28.329365,Opportunity
397,538,Product D,285.19,2022-09-13 02:46:30.291575,Closed
398,868,Product C,218.06,2022-06-15 23:27:56.699398,Closed
399,855,Product A,245.26,2020-07-11 13:40:52.555525,Opportunity
400,307,Product A,654.67,2020-09-30 19:18:41.417464,Opportunity
401,799,Product B,425.01,2021-02-11 01:46:19.476371,Closed
402,239,Product D,379.98,2023-03-20 03:53:49.929566,Lead
403,759,Product C,915.29,2020-02-25 03:16:38.878568,Pending
404,179,Product B,124.04,2022-01-24 22:47:05.151103,Opportunity
405,6,Product C,896.89,2022-07-16 17:13:20.120669,Closed
406,865,Product A,269.6,2022-05-05 02:23:54.896818,Closed
407,697,Product B,568.62,2024-03-16 09:19:23.131064,Pending
408,995,Product A,260.32,2023-08-03 11:47:03.690438,Closed
409,999,Product B,809.06,2021-06-26 07:07:23.058141,Opportunity
410,310,Product D,230.09,2020-03-31 03:57:27.982704,Closed
411,721,Product A,543.91,2024-04-06 19:28:25.176408,Lead
412,588,Product A,662.45,2024-07-01 02:51:17.257120,Opportunity
413,107,Product D,694.72,2023-10-06 21:53:09.325105,Lead
414,517,Product C,446.0,2024-04-05 07:01:00.759120,Closed
415,62,Product B,701.82,2024-06-19 23:28:05.751298,Pending
416,458,Product D,833.46,2023-03-22 18:40:27.350873,Lead
417,406,Product C,184.82,2023-02-21 22:34:20.764553,Pending
418,734,Product A,878.61,2021-05-31 22:46:13.347857,Pending
419,439,Product C,579.66,2020-08-17 05:35:42.149423,Pending
420,644,Product A,540.95,2023-02-17 17:04:42.852037,Pending
421,166,Product C,113.47,2020-05-06 22:25:21.288332,Lead
422,444,Product D,139.32,2020-01-23 19:12:58.000157,Closed
423,864,Product B,521.86,2024-02-20 21:12:05.416369,Closed
424,809,Product D,628.38,2020-02-12 04:14:02.559281,Lead
425,890,Product A,772.95,2022-03-21 17:43:43.748655,Opportunity
426,20,Product D,162.2,2024-02-07 22:06:25.584178,Closed
427,854,Product D,796.74,2020-06-03 10:38:13.459638,Closed
428,88,Product D,351.18,2024-05-05 03:30:19.230365,Lead
429,331,Product A,648.55,2024-04-14 08:00:45.182849,Pending
430,670,Product A,249.05,2021-09-28 01:25:13.296344,Opportunity
431,272,Product B,144.18,2021-03-16 16:32:49.953135,Closed
432,473,Product B,467.04,2020-04-11 20:59:21.832923,Lead
433,938,Product B,391.91,2021-12-05 04:24:22.800737,Pending
434,15,Product A,199.45,2022-07-23 16:59:44.309021,Opportunity
435,837,Product C,558.3,2022-04-26 18:17:18.602342,Lead
436,679,Product C,758.15,2023-04-08 18:42:01.084361,Lead
437,331,Product B,681.98,2020-10-28 22:30:44.992675,Lead
438,881,Product B,915.94,2023-10-31 06:47:31.903157,Closed
439,418,Product D,340.16,2022-09-09 11:21:24.795448,Closed
440,646,Product D,533.47,2022-07-09 07:50:05.141139,Pending
441,123,Product A,240.59,2020-10-11 05:34:44.804010,Opportunity
442,277,Product C,213.28,2020-12-19 05:33:58.946885,Lead
443,166,Product B,839.27,2023-12-23 11:08:25.840339,Closed
444,616,Product C,820.41,2021-05-13 18:20:52.354480,Pending
445,572,Product D,981.58,2023-01-09 03:42:15.682069,Closed
446,94,Product C,451.8,2021-01-01 13:11:53.362876,Opportunity
447,642,Product B,868.3,2021-10-08 22:44:09.617759,Pending
448,449,Product C,366.33,2023-08-15 17:10:03.249552,Opportunity
449,607,Product D,752.49,2021-10-14 19:25:26.828942,Opportunity
450,257,Product C,999.62,2024-01-11 17:28:06.388600,Lead
451,574,Product A,597.24,2022-10-19 17:33:38.323941,Lead
452,232,Product C,929.66,2021-03-26 02:48:34.517440,Lead
453,270,Product A,958.14,2022-08-04 01:52:16.286046,Lead
454,9,Product A,409.93,2021-12-25 11:07:17.370862,Opportunity
455,743,Product B,655.64,2021-02-26 21:54:20.212132,Pending
456,401,Product D,478.23,2022-11-17 04:00:21.101686,Pending
457,405,Product D,260.27,2021-12-21 18:28:16.757605,Lead
458,47,Product D,587.44,2023-03-09 08:28:40.458303,Closed
459,27,Product C,916.72,2023-12-29 02:23:34.067783,Pending
460,201,Product B,538.32,2023-08-27 00:11:57.419199,Lead
461,666,Product A,501.99,2024-07-05 01:28:45.216116,Lead
462,161,Product C,551.34,2021-08-05 12:31:11.522618,Pending
463,866,Product C,140.49,2022-06-20 04:56:25.341809,Opportunity
464,880,Product C,437.02,2022-06-29 07:24:45.187913,Lead
465,837,Product D,243.14,2021-01-31 11:22:32.071434,Lead
466,827,Product A,297.7,2021-09-13 15:41:58.524812,Opportunity
467,466,Product A,101.11,2020-08-26 05:15:05.238337,Pending
468,554,Product A,114.47,2024-07-07 10:38:41.552551,Pending
469,551,Product B,802.62,2024-05-25 03:01:29.571210,Closed
470,358,Product C,994.31,2021-12-12 12:35:18.274019,Closed
471,941,Product D,312.6,2023-12-04 06:54:32.264925,Closed
472,349,Product A,709.62,2021-09-09 02:26:24.739856,Closed
473,699,Product D,866.63,2023-06-16 08:57:30.956684,Lead
474,116,Product D,340.81,2024-05-12 16:43:10.816780,Lead
475,252,Product B,633.03,2021-07-06 06:32:49.938831,Opportunity
476,52,Product B,631.49,2022-06-29 07:20:04.651133,Opportunity
477,252,Product D,456.96,2022-01-15 10:36:14.993197,Closed
478,803,Product C,481.91,2024-04-18 07:28:37.435577,Lead
479,94,Product A,187.51,2021-04-28 00:55:28.613543,Pending
480,803,Product D,402.82,2024-05-04 01:11:18.285851,Opportunity
481,93,Product D,878.39,2022-12-21 20:51:00.356614,Pending
482,430,Product C,936.59,2023-04-03 03:54:15.744971,Pending
483,194,Product B,371.88,2021-07-11 12:35:26.035543,Closed
484,476,Product C,284.53,2020-06-30 05:11:57.182317,Pending
485,341,Product A,562.77,2021-05-12 05:34:46.464658,Pending
486,982,Product C,572.25,2022-01-29 21:35:04.274669,Closed
487,752,Product C,811.99,2023-06-06 18:11:28.747502,Pending
488,477,Product B,470.49,2023-10-29 19:16:48.619864,Pending
489,710,Product C,845.83,2021-02-22 19:46:45.472656,Closed
490,749,Product B,436.57,2023-10-24 01:38:26.592817,Opportunity
491,528,Product B,138.32,2021-03-13 20:15:54.045294,Pending
492,112,Product D,388.1,2022-09-09 23:55:00.474797,Lead
493,847,Product A,436.89,2023-03-03 05:51:53.634531,Lead
494,623,Product A,958.4,2024-07-12 08:35:24.244821,Lead
495,209,Product B,264.23,2022-08-29 05:09:53.624744,Closed
496,102,Product C,254.26,2024-01-09 03:56:13.780114,Lead
497,94,Product C,808.41,2021-03-27 22:02:49.265647,Closed
498,960,Product A,867.55,2021-05-23 18:04:48.471825,Opportunity
499,988,Product A,214.95,2020-03-31 14:32:09.248173,Closed
500,139,Product D,133.19,2023-03-31 20:43:50.742981,Pending
501,262,Product C,389.81,2023-06-09 02:43:15.295177,Closed
502,746,Product D,199.29,2020-03-28 14:21:05.409317,Lead
503,168,Product C,508.46,2021-03-07 06:04:03.454008,Closed
504,928,Product B,779.98,2022-08-27 14:29:50.312464,Pending
505,59,Product A,932.08,2024-05-10 21:57:11.707983,Opportunity
506,881,Product A,430.9,2021-04-18 17:18:56.367752,Lead
507,734,Product B,806.07,2020-11-27 08:27:32.130822,Pending
508,826,Product A,455.24,2020-05-16 20:55:44.536355,Lead
509,273,Product B,767.84,2021-01-14 15:09:57.592022,Opportunity
510,320,Product C,305.03,2023-10-03 19:00:37.180544,Closed
511,677,Product D,551.01,2022-07-15 04:47:34.144166,Opportunity
512,863,Product A,378.07,2020-07-05 05:16:56.656997,Closed
513,198,Product A,221.5,2020-03-29 05:33:13.768414,Lead
514,532,Product D,307.94,2020-11-19 00:44:48.986237,Closed
515,336,Product D,783.13,2022-07-19 06:12:17.181158,Closed
516,947,Product B,604.17,2022-08-17 17:01:34.894711,Closed
517,636,Product C,980.78,2022-04-21 14:18:53.856603,Opportunity
518,785,Product B,925.95,2020-04-19 00:22:21.172616,Opportunity
519,726,Product B,983.7,2020-06-03 11:58:09.051682,Closed
520,618,Product C,251.81,2023-03-20 19:57:01.834028,Pending
521,951,Product B,624.87,2020-11-04 03:10:41.837729,Pending
522,8,Product A,563.62,2022-11-04 16:58:33.564580,Pending
523,931,Product B,289.59,2023-04-20 13:06:57.942096,Lead
524,649,Product C,886.38,2023-03-17 08:33:32.415522,Pending
525,15,Product B,420.52,2020-12-25 18:09:28.381291,Opportunity
526,578,Product A,847.03,2022-12-04 19:16:40.326597,Lead
527,779,Product C,441.95,2023-04-21 00:00:09.449237,Pending
528,201,Product A,400.03,2020-01-27 14:33:01.760537,Lead
529,971,Product B,647.45,2020-09-17 09:21:30.047606,Pending
530,60,Product D,651.43,2023-03-24 14:56:03.429929,Closed
531,743,Product D,155.2,2020-08-24 04:46:59.973594,Closed
532,872,Product B,484.24,2023-03-10 20:41:56.571827,Opportunity
533,372,Product D,458.88,2022-09-16 04:44:27.026626,Closed
534,203,Product B,334.24,2021-08-05 01:10:50.292432,Lead
535,532,Product D,196.68,2020-01-12 15:18:53.010870,Pending
536,826,Product B,153.22,2020-02-12 19:19:54.772829,Pending
537,816,Product C,272.53,2023-04-14 19:24:35.646135,Opportunity
538,825,Product D,132.66,2022-09-11 06:34:26.982526,Lead
539,27,Product B,120.07,2022-12-03 13:14:24.486172,Pending
540,371,Product C,293.48,2022-06-05 23:55:08.587036,Pending
541,741,Product D,387.67,2021-04-25 22:03:13.357972,Lead
542,563,Product C,516.41,2020-10-06 07:00:55.016420,Pending
543,227,Product C,828.7,2024-03-23 07:49:22.866121,Opportunity
544,561,Product D,740.69,2021-08-08 03:44:08.085479,Pending
545,840,Product A,446.55,2024-05-03 11:11:09.137294,Closed
546,309,Product C,476.46,2024-03-12 19:42:04.544344,Closed
547,453,Product D,153.64,2023-07-31 04:54:58.318373,Pending
548,946,Product A,511.86,2024-02-28 20:18:48.900913,Pending
549,909,Product D,491.99,2021-06-12 10:34:33.306887,Opportunity
550,476,Product D,703.19,2020-05-15 04:21:38.029485,Opportunity
551,706,Product C,317.68,2022-06-19 03:40:14.454649,Lead
552,711,Product B,471.91,2023-10-15 19:44:36.711288,Lead
553,288,Product D,483.14,2024-06-02 09:15:26.290700,Closed
554,88,Product D,961.07,2022-12-21 05:16:46.630388,Closed
555,8,Product D,428.67,2023-05-04 17:45:48.505245,Closed
556,810,Product A,130.98,2022-01-27 17:32:43.622090,Closed
557,187,Product C,486.97,2021-02-02 00:17:01.172032,Closed
558,565,Product C,836.84,2020-04-02 20:01:43.433262,Opportunity
559,750,Product C,471.38,2023-11-03 21:21:17.138466,Lead
560,64,Product D,308.04,2022-01-27 10:17:38.380198,Pending
561,267,Product D,242.35,2020-08-21 13:32:08.793428,Opportunity
562,720,Product D,925.09,2022-08-31 22:20:00.436986,Opportunity
563,840,Product C,465.14,2024-02-16 10:04:40.049178,Closed
564,232,Product B,793.07,2024-04-11 14:33:47.175859,Closed
565,732,Product B,672.75,2021-03-13 22:15:10.879889,Closed
566,82,Product B,210.46,2020-07-25 00:24:16.241571,Lead
567,325,Product A,535.12,2024-04-23 20:36:21.004791,Opportunity
568,373,Product B,255.93,2021-09-27 22:18:34.618900,Opportunity
569,187,Product C,897.76,2020-08-24 11:38:47.237234,Pending
570,476,Product C,157.01,2023-01-01 19:56:14.958292,Closed
571,894,Product C,799.32,2024-02-18 02:23:43.714806,Pending
572,897,Product D,685.21,2021-12-10 07:03:52.204132,Opportunity
573,206,Product D,793.92,2021-09-29 01:35:09.533071,Opportunity
574,656,Product B,487.25,2023-10-20 10:06:30.150170,Closed
575,696,Product D,887.14,2024-03-12 09:58:36.231190,Pending
576,380,Product C,734.31,2023-03-17 22:09:56.672849,Opportunity
577,699,Product B,732.44,2020-07-14 10:40:01.629562,Lead
578,697,Product A,376.75,2020-06-02 10:09:12.940660,Closed
579,973,Product A,242.48,2024-06-20 20:48:11.976653,Opportunity
580,636,Product D,219.25,2024-02-08 06:35:47.387049,Lead
581,997,Product D,926.92,2023-04-14 19:51:43.591745,Closed
582,500,Product D,609.26,2020-10-09 22:44:53.705383,Closed
583,180,Product A,894.17,2021-02-01 08:16:07.074953,Opportunity
584,947,Product D,396.99,2021-09-23 09:26:53.334553,Lead
585,210,Product B,313.85,2024-05-23 17:49:27.832722,Pending
586,146,Product C,260.22,2023-02-09 19:13:29.378375,Pending
587,503,Product B,979.53,2022-07-19 23:07:38.892712,Lead
588,422,Product A,994.88,2024-05-26 04:58:22.725975,Opportunity
589,789,Product C,834.86,2021-06-25 16:11:21.521972,Opportunity
590,464,Product D,633.73,2021-11-20 08:31:25.476482,Lead
591,221,Product D,634.75,2020-05-08 16:34:39.576703,Lead
592,250,Product A,660.57,2021-01-06 10:50:04.017044,Opportunity
593,822,Product A,794.97,2021-07-31 11:55:59.415241,Opportunity
594,590,Product B,888.21,2023-05-17 02:02:06.875193,Closed
595,719,Product B,919.87,2022-03-23 05:39:10.621998,Opportunity
596,860,Product A,760.4,2021-10-14 02:29:09.583057,Lead
597,177,Product C,621.63,2021-11-07 06:10:54.298858,Opportunity
598,348,Product C,923.49,2021-04-27 00:29:25.722356,Lead
599,757,Product C,780.3,2022-05-20 04:29:35.062920,Pending
600,673,Product D,837.93,2021-07-03 16:46:05.268106,Opportunity
601,975,Product A,951.76,2022-08-12 12:58:58.500113,Lead
602,512,Product C,377.58,2021-02-06 12:19:30.984301,Lead
603,389,Product D,234.26,2023-10-03 08:49:35.103212,Pending
604,640,Product C,871.26,2024-01-29 19:00:21.070786,Lead
605,383,Product B,861.08,2022-11-11 11:54:18.300899,Opportunity
606,995,Product B,940.01,2020-05-19 01:59:32.782679,Lead
607,613,Product C,549.67,2021-10-25 11:06:18.037033,Opportunity
608,351,Product C,153.95,2021-12-20 10:18:55.837850,Closed
609,6,Product C,360.1,2022-02-23 16:35:41.008426,Closed
610,922,Product C,396.52,2023-08-02 14:57:49.845616,Closed
611,609,Product B,186.74,2021-01-14 03:48:55.473921,Pending
612,944,Product B,899.07,2022-05-15 19:29:18.178406,Pending
613,414,Product A,417.77,2023-01-20 02:29:28.959832,Lead
614,931,Product D,131.8,2020-08-17 21:06:18.635788,Pending
615,776,Product D,490.5,2020-09-01 06:40:50.908482,Pending
616,314,Product A,209.33,2023-06-03 18:44:02.183349,Closed
617,247,Product B,781.11,2021-11-27 00:28:39.853619,Opportunity
618,931,Product D,659.96,2023-03-21 07:06:38.599841,Opportunity
619,277,Product C,489.75,2020-06-17 09:29:55.639232,Pending
620,573,Product D,863.11,2021-01-18 21:56:56.815614,Lead
621,633,Product D,971.25,2020-05-19 20:27:38.976153,Lead
622,876,Product C,209.72,2021-05-13 11:13:06.296746,Lead
623,786,Product C,731.37,2023-04-18 23:16:33.091236,Closed
624,77,Product D,816.97,2021-02-09 07:26:57.110759,Pending
625,745,Product C,931.68,2020-04-18 01:46:32.214043,Opportunity
626,938,Product C,297.41,2023-12-04 07:33:54.230934,Pending
627,366,Product B,924.23,2020-01-18 04:26:15.429217,Closed
628,839,Product D,277.42,2023-12-06 05:34:53.660689,Opportunity
629,34,Product D,806.45,2023-04-09 09:09:37.630928,Closed
630,796,Product B,343.09,2021-12-14 03:31:55.294554,Pending
631,237,Product A,736.11,2021-03-14 09:32:39.372499,Pending
632,315,Product C,211.47,2021-05-12 19:47:06.791771,Lead
633,128,Product B,255.1,2024-02-24 17:51:54.788554,Opportunity
634,557,Product B,282.22,2021-07-11 01:07:47.541942,Pending
635,819,Product A,323.06,2022-01-05 14:06:10.516606,Opportunity
636,825,Product A,907.15,2022-08-28 21:30:32.706205,Opportunity
637,263,Product D,637.41,2022-02-15 10:27:22.540789,Lead
638,729,Product B,418.0,2021-05-28 01:33:53.920463,Lead
639,190,Product A,413.05,2023-07-29 18:58:27.950587,Opportunity
640,710,Product C,327.27,2023-12-04 12:06:59.420296,Lead
641,818,Product D,672.45,2021-02-04 10:17:48.054303,Pending
642,946,Product D,817.91,2021-02-22 08:07:50.107416,Lead
643,321,Product D,221.61,2023-08-01 22:39:38.553555,Opportunity
644,913,Product C,497.63,2020-01-08 03:03:40.925511,Pending
645,50,Product B,851.12,2023-12-12 09:45:53.235333,Pending
646,647,Product A,146.95,2020-11-19 15:27:08.981437,Opportunity
647,845,Product C,539.98,2022-06-09 02:24:28.059336,Pending
648,304,Product B,495.57,2023-03-03 04:07:58.801188,Opportunity
649,541,Product C,440.69,2020-04-25 10:15:19.732137,Pending
650,629,Product B,174.79,2020-12-03 17:21:06.441005,Opportunity
651,196,Product C,982.43,2022-04-26 17:41:59.553196,Opportunity
652,216,Product D,360.62,2023-07-01 22:30:32.320615,Opportunity
653,72,Product D,595.49,2022-08-26 19:16:55.250630,Lead
654,169,Product D,242.05,2021-09-19 19:24:16.671311,Lead
655,669,Product B,903.7,2020-05-11 22:28:23.959625,Pending
656,119,Product B,837.75,2022-11-26 04:36:11.067168,Opportunity
657,614,Product A,254.18,2022-02-14 13:23:43.099400,Closed
658,804,Product B,549.8,2023-10-27 07:21:37.332412,Pending
659,292,Product D,891.97,2022-12-10 14:17:59.349513,Opportunity
660,34,Product C,393.21,2023-11-08 06:55:23.166448,Opportunity
661,387,Product A,921.36,2020-06-18 22:19:52.410191,Opportunity
662,854,Product A,837.01,2023-02-01 02:19:38.981808,Pending
663,50,Product C,717.59,2021-10-16 16:48:46.101194,Pending
664,698,Product B,470.12,2022-12-15 14:12:05.727847,Lead
665,274,Product A,554.91,2020-02-01 01:58:02.855752,Lead
666,478,Product C,666.27,2021-09-07 02:24:36.561535,Lead
667,872,Product C,727.75,2023-11-16 17:20:36.663223,Opportunity
668,125,Product B,155.19,2023-01-16 18:36:49.555547,Lead
669,505,Product A,426.51,2023-10-01 17:45:38.398655,Opportunity
670,869,Product C,327.46,2020-12-25 01:55:16.500092,Opportunity
671,294,Product B,652.46,2024-05-13 10:30:19.616974,Opportunity
672,970,Product C,679.06,2022-10-27 03:22:48.826643,Closed
673,518,Product B,859.75,2022-09-03 03:06:01.053905,Opportunity
674,770,Product B,528.73,2023-04-01 15:02:55.756638,Lead
675,467,Product B,635.72,2022-12-16 23:26:23.646114,Opportunity
676,105,Product C,152.55,2022-04-20 00:24:13.704846,Closed
677,610,Product D,680.03,2021-10-06 14:34:53.789252,Opportunity
678,134,Product C,782.93,2020-10-02 09:04:07.722580,Closed
679,104,Product B,143.61,2022-07-30 12:24:59.893689,Pending
680,62,Product B,132.48,2021-12-18 10:33:03.202150,Closed
681,858,Product D,152.91,2023-01-17 22:30:21.000429,Pending
682,296,Product D,751.11,2021-04-12 09:55:50.043662,Lead
683,150,Product C,502.97,2020-05-31 15:22:44.907232,Lead
684,660,Product B,920.02,2020-09-08 04:11:56.712055,Opportunity
685,122,Product C,169.13,2023-05-24 23:53:08.506625,Pending
686,745,Product D,587.92,2021-01-19 20:08:09.376978,Opportunity
687,73,Product C,377.82,2021-07-20 21:49:31.729196,Closed
688,881,Product A,383.33,2021-07-30 03:53:26.343287,Closed
689,509,Product C,551.54,2022-03-11 08:58:12.916373,Lead
690,768,Product C,831.32,2020-08-06 09:44:19.934245,Opportunity
691,59,Product A,232.81,2021-03-31 05:04:51.902962,Pending
692,106,Product D,828.43,2021-08-20 01:08:31.518312,Opportunity
693,17,Product D,387.85,2022-05-27 10:02:44.992273,Pending
694,585,Product A,148.71,2020-12-13 01:31:53.519212,Opportunity
695,987,Product B,164.02,2022-01-21 21:02:57.019812,Opportunity
696,212,Product A,959.06,2024-04-25 18:31:59.977044,Lead
697,269,Product D,654.93,2023-04-16 18:23:21.113324,Opportunity
698,808,Product A,489.99,2024-03-06 04:11:28.301785,Closed
699,317,Product A,159.39,2022-01-17 20:38:13.210416,Pending
700,197,Product A,225.62,2020-06-07 15:44:08.960202,Opportunity
701,411,Product A,775.55,2023-07-02 16:22:11.553423,Opportunity
702,318,Product C,667.18,2024-02-04 16:36:12.586134,Closed
703,500,Product D,736.01,2022-06-12 23:35:19.628215,Pending
704,767,Product D,146.27,2024-03-31 13:01:47.386953,Opportunity
705,192,Product C,231.63,2021-01-06 02:24:43.593139,Lead
706,698,Product C,305.87,2024-03-14 00:25:50.791078,Opportunity
707,820,Product A,709.0,2022-05-05 01:15:17.767849,Closed
708,771,Product D,384.59,2020-11-29 10:43:09.294758,Closed
709,413,Product B,682.41,2020-07-06 12:30:22.638156,Lead
710,775,Product A,196.05,2022-02-09 19:59:20.224345,Closed
711,883,Product A,236.26,2024-07-17 08:00:26.732328,Opportunity
712,391,Product C,592.88,2022-04-07 08:50:10.037871,Closed
713,106,Product A,535.61,2021-01-24 04:31:01.788738,Pending
714,953,Product A,123.32,2024-05-10 20:12:53.987493,Opportunity
715,207,Product C,612.95,2020-03-22 16:22:43.615194,Opportunity
716,96,Product C,101.1,2021-06-25 06:35:18.624032,Opportunity
717,395,Product D,860.6,2021-02-10 04:10:19.146992,Lead
718,825,Product B,480.2,2024-05-01 10:08:08.089457,Closed
719,378,Product D,219.13,2021-03-11 06:38:39.779511,Lead
720,739,Product D,142.02,2021-09-19 14:25:53.416482,Opportunity
721,966,Product B,605.06,2020-07-15 15:50:15.346908,Pending
722,552,Product C,949.14,2022-11-08 17:34:37.129374,Lead
723,755,Product B,127.25,2023-08-08 01:09:01.721092,Pending
724,232,Product A,186.74,2021-10-11 12:15:41.546676,Lead
725,714,Product A,122.34,2021-09-03 09:21:25.105058,Lead
726,200,Product D,112.63,2022-03-12 06:24:10.242311,Pending
727,498,Product D,382.54,2021-08-10 12:07:18.092428,Pending
728,181,Product A,248.52,2020-08-03 09:11:30.335387,Opportunity
729,955,Product D,184.75,2020-04-08 07:43:18.212339,Lead
730,516,Product B,690.68,2021-06-22 10:08:59.799465,Pending
731,325,Product B,685.93,2021-08-27 08:13:13.507244,Lead
732,129,Product D,978.19,2023-01-09 18:28:18.384223,Opportunity
733,650,Product C,620.33,2022-06-30 14:51:36.118714,Pending
734,929,Product C,159.95,2020-07-19 21:38:24.748394,Opportunity
735,62,Product A,853.42,2024-01-17 14:20:28.695136,Pending
736,726,Product D,176.01,2020-05-23 23:12:24.602557,Pending
737,485,Product D,262.07,2022-01-19 12:17:21.207520,Lead
738,764,Product A,796.87,2022-02-01 22:02:50.257810,Opportunity
739,362,Product D,213.65,2022-07-28 18:53:17.406834,Opportunity
740,698,Product A,101.13,2024-03-01 00:57:15.325728,Closed
741,305,Product D,378.9,2022-06-04 19:02:43.264459,Lead
742,3,Product B,514.85,2021-07-19 13:14:15.057351,Pending
743,898,Product B,351.06,2022-05-10 06:57:05.630492,Opportunity
744,403,Product D,181.42,2024-04-25 18:05:55.819440,Pending
745,670,Product D,698.71,2023-04-04 03:46:55.546260,Pending
746,524,Product A,716.28,2022-04-30 16:44:48.766823,Closed
747,388,Product B,738.85,2023-07-13 23:38:25.246879,Lead
748,423,Product C,735.67,2023-11-13 23:43:51.871786,Opportunity
749,825,Product C,433.06,2021-06-27 16:22:44.899685,Lead
750,992,Product C,704.47,2023-01-10 05:11:57.436566,Lead
751,999,Product B,139.72,2023-09-16 02:25:40.895652,Closed
752,48,Product C,494.63,2023-05-21 17:15:04.652672,Lead
753,18,Product A,277.95,2023-09-01 19:57:26.410015,Opportunity
754,64,Product A,735.39,2020-06-09 20:36:22.110175,Closed
755,95,Product C,254.71,2024-01-01 06:06:01.179729,Opportunity
756,736,Product B,420.68,2022-10-21 00:31:02.630860,Pending
757,339,Product A,695.53,2021-11-25 08:12:01.103888,Pending
758,840,Product B,728.31,2023-07-20 01:53:16.013531,Lead
759,853,Product A,632.18,2020-10-20 00:05:32.179514,Closed
760,499,Product D,798.51,2022-04-20 01:46:34.774487,Opportunity
761,536,Product B,574.85,2021-10-18 10:53:47.694518,Opportunity
762,578,Product C,316.27,2023-09-23 02:05:15.740383,Opportunity
763,82,Product A,817.7,2023-10-31 16:06:25.373995,Closed
764,286,Product D,517.99,2021-12-01 09:04:05.979870,Lead
765,238,Product C,177.85,2020-08-29 19:05:22.188830,Pending
766,817,Product A,253.03,2021-09-29 15:03:09.351147,Closed
767,652,Product B,176.7,2023-08-20 22:01:02.200226,Lead
768,753,Product C,589.27,2023-06-28 08:04:01.338012,Pending
769,878,Product D,208.58,2021-07-01 22:51:04.150763,Closed
770,531,Product D,922.56,2022-08-23 13:01:35.704154,Pending
771,933,Product C,968.93,2022-11-30 05:53:16.701733,Pending
772,801,Product C,731.2,2022-11-25 04:47:32.276714,Pending
773,436,Product C,861.62,2024-07-18 05:40:40.391211,Pending
774,391,Product C,203.65,2020-09-14 16:33:42.948751,Lead
775,789,Product B,909.32,2024-02-13 23:41:21.613192,Closed
776,864,Product B,935.13,2021-07-06 21:08:39.300831,Pending
777,188,Product D,481.19,2024-05-29 03:46:38.319465,Pending
778,253,Product A,541.5,2023-05-09 04:25:35.914692,Opportunity
779,836,Product D,569.04,2021-04-01 01:56:57.529180,Opportunity
780,719,Product D,277.18,2022-11-29 19:47:09.183819,Lead
781,280,Product A,326.38,2020-06-16 12:38:04.709504,Lead
782,166,Product A,572.93,2022-06-11 09:22:57.654362,Lead
783,864,Product B,243.54,2020-09-19 06:10:43.108397,Lead
784,846,Product B,973.77,2021-03-10 03:36:47.496415,Lead
785,283,Product C,425.95,2020-04-16 02:38:54.083710,Pending
786,802,Product C,167.08,2020-06-21 09:08:41.689451,Pending
787,519,Product C,768.49,2022-10-21 11:53:29.751814,Pending
788,898,Product D,967.74,2023-10-03 05:07:33.031252,Closed
789,793,Product A,480.4,2021-03-18 17:08:26.353707,Pending
790,638,Product A,825.14,2021-09-12 01:29:14.272166,Lead
791,707,Product C,705.33,2021-12-08 17:03:52.523232,Closed
792,483,Product A,589.48,2022-10-28 08:45:25.609811,Lead
793,867,Product A,919.79,2021-11-24 07:52:31.659772,Lead
794,840,Product A,524.44,2023-10-14 21:30:59.572533,Opportunity
795,156,Product D,497.48,2022-08-16 06:25:20.149188,Closed
796,399,Product A,824.12,2023-04-12 05:59:23.474484,Lead
797,990,Product A,724.68,2021-04-29 13:59:34.535585,Closed
798,386,Product D,951.54,2020-11-28 03:16:00.624835,Lead
799,785,Product C,179.6,2022-01-13 01:31:06.859272,Lead
800,34,Product A,711.9,2023-08-04 17:04:04.180312,Pending
801,475,Product B,110.5,2020-01-30 23:45:44.739382,Closed
802,375,Product C,291.92,2023-12-08 13:03:48.882071,Closed
803,314,Product A,270.99,2020-02-17 18:10:16.742944,Pending
804,810,Product A,910.17,2020-05-16 09:38:15.857750,Pending
805,300,Product D,996.99,2022-01-08 01:43:55.396307,Opportunity
806,895,Product C,830.08,2024-02-15 08:54:10.616295,Closed
807,653,Product B,332.81,2020-06-04 07:16:24.387237,Opportunity
808,568,Product B,992.39,2022-09-17 05:24:00.141340,Lead
809,706,Product D,634.89,2023-05-15 02:15:17.753486,Closed
810,61,Product D,397.79,2020-06-26 07:21:55.178141,Pending
811,780,Product C,497.06,2024-06-18 05:55:06.229090,Lead
812,85,Product C,938.09,2023-04-25 18:08:08.129360,Lead
813,354,Product B,852.96,2020-01-21 15:59:25.845879,Opportunity
814,188,Product B,429.79,2023-10-06 05:59:36.800171,Lead
815,801,Product A,748.18,2022-02-13 12:15:08.042772,Opportunity
816,708,Product D,265.56,2024-05-29 21:53:26.881499,Closed
817,759,Product A,456.44,2023-03-07 06:06:45.710230,Closed
818,802,Product A,941.57,2023-07-22 02:26:40.075289,Pending
819,921,Product B,339.39,2020-01-30 08:20:32.573322,Opportunity
820,508,Product C,206.56,2023-01-25 15:15:55.254883,Opportunity
821,371,Product A,893.99,2021-09-19 10:34:19.588744,Closed
822,83,Product C,474.83,2023-11-13 00:32:22.175988,Closed
823,53,Product C,451.08,2021-08-17 20:57:08.171842,Opportunity
824,72,Product A,103.74,2022-11-26 00:48:59.356407,Pending
825,136,Product A,960.92,2023-05-15 10:54:48.513488,Opportunity
826,875,Product B,770.51,2022-05-04 08:08:28.143204,Lead
827,920,Product C,921.27,2022-04-25 06:12:06.946843,Opportunity
828,150,Product B,154.41,2020-01-22 04:28:51.479311,Lead
829,261,Product D,937.52,2023-01-18 18:36:03.883470,Lead
830,505,Product D,837.85,2023-01-04 11:35:13.331919,Opportunity
831,706,Product A,945.39,2023-08-24 09:15:14.778236,Lead
832,47,Product A,353.48,2023-06-30 18:37:16.464453,Pending
833,320,Product D,131.41,2023-12-04 01:42:08.375390,Opportunity
834,249,Product A,723.63,2023-04-11 20:12:34.489761,Closed
835,958,Product C,624.99,2023-12-15 03:09:53.272505,Closed
836,101,Product A,208.35,2023-09-28 05:59:31.653308,Opportunity
837,435,Product C,271.66,2021-09-28 16:43:08.802730,Closed
838,561,Product C,357.13,2022-10-11 15:12:35.075532,Lead
839,515,Product B,472.99,2024-07-21 01:20:48.120950,Lead
840,303,Product D,440.39,2022-02-20 01:19:21.147844,Pending
841,934,Product C,168.86,2021-08-25 03:29:39.131629,Pending
842,205,Product C,772.92,2020-10-03 06:31:51.393106,Pending
843,123,Product D,984.03,2022-06-09 16:30:25.660292,Lead
844,578,Product D,431.29,2020-05-11 10:47:25.390585,Pending
845,40,Product B,602.35,2023-06-04 20:01:20.007617,Lead
846,881,Product C,843.98,2024-02-17 15:26:31.292313,Lead
847,405,Product D,479.67,2021-07-15 03:20:43.096589,Opportunity
848,378,Product A,291.37,2024-01-04 19:21:55.394503,Pending
849,425,Product B,885.57,2024-02-15 16:22:33.590399,Lead
850,577,Product C,401.49,2023-12-21 00:21:47.353310,Opportunity
851,603,Product C,119.79,2021-03-08 16:04:17.282256,Closed
852,852,Product C,631.21,2020-09-24 00:13:21.011637,Pending
853,884,Product C,574.79,2022-09-08 18:17:43.130072,Opportunity
854,327,Product C,599.49,2023-02-18 12:14:29.717300,Closed
855,740,Product A,914.1,2020-08-10 17:33:29.134259,Closed
856,170,Product A,742.54,2022-10-09 19:09:20.463247,Opportunity
857,910,Product C,693.38,2021-06-23 23:55:27.345037,Opportunity
858,877,Product D,134.63,2024-06-14 15:45:36.142435,Lead
859,491,Product C,440.33,2020-11-06 06:56:33.501765,Lead
860,105,Product B,599.97,2020-08-25 04:31:00.522969,Pending
861,393,Product C,616.86,2022-10-23 08:27:50.910272,Lead
862,517,Product B,284.89,2020-08-04 21:23:55.731586,Opportunity
863,496,Product B,385.6,2022-10-23 02:14:20.138573,Closed
864,708,Product C,740.71,2022-02-19 22:39:43.340833,Lead
865,645,Product A,687.95,2021-01-08 12:50:04.539227,Opportunity
866,748,Product D,564.74,2021-06-02 20:53:54.394645,Pending
867,225,Product D,630.65,2023-04-26 21:51:37.283141,Lead
868,111,Product C,692.51,2021-01-06 11:26:29.215309,Lead
869,665,Product D,537.28,2020-07-15 20:23:39.403651,Closed
870,242,Product A,557.07,2020-08-21 22:09:36.440068,Pending
871,821,Product D,195.78,2022-11-12 05:31:55.204927,Opportunity
872,0,Product C,373.78,2023-06-27 14:11:16.585678,Closed
873,771,Product A,596.32,2023-02-26 11:37:51.832891,Opportunity
874,217,Product D,122.41,2023-05-04 04:06:41.554014,Lead
875,564,Product B,431.7,2023-07-24 13:01:31.704128,Lead
876,327,Product B,929.96,2024-06-17 18:06:11.624322,Opportunity
877,833,Product A,162.72,2021-09-11 08:12:59.925967,Closed
878,951,Product A,637.67,2023-10-01 10:12:13.067243,Closed
879,523,Product A,896.45,2020-10-30 02:29:09.624691,Lead
880,128,Product C,870.65,2022-12-21 00:10:12.859909,Lead
881,883,Product A,996.98,2022-06-24 01:26:33.553392,Pending
882,874,Product B,386.14,2022-06-07 06:04:39.713871,Lead
883,499,Product A,421.67,2020-05-07 21:38:58.370329,Lead
884,939,Product D,722.16,2022-06-30 17:43:50.594059,Closed
885,777,Product A,706.87,2023-07-27 12:39:42.047893,Closed
886,183,Product B,478.43,2022-12-13 06:40:26.924039,Closed
887,456,Product C,153.11,2023-08-07 11:36:44.778854,Lead
888,573,Product C,866.09,2020-10-30 12:55:34.237835,Pending
889,572,Product A,818.79,2021-07-25 12:54:25.506090,Pending
890,80,Product D,827.86,2023-11-05 01:31:50.329666,Lead
891,907,Product A,254.44,2021-10-17 13:42:10.653989,Opportunity
892,37,Product D,703.78,2022-10-02 05:45:29.970460,Pending
893,56,Product B,636.98,2021-06-27 11:20:41.259805,Closed
894,247,Product A,664.0,2024-06-29 06:35:30.897432,Pending
895,77,Product B,716.11,2022-07-29 08:31:16.766221,Opportunity
896,900,Product A,971.4,2022-06-01 10:02:46.285154,Closed
897,311,Product D,260.4,2023-08-11 01:00:04.025909,Pending
898,560,Product B,378.88,2024-05-16 11:55:18.936949,Pending
899,844,Product D,620.32,2022-03-04 01:36:45.016002,Lead
900,289,Product D,327.53,2020-08-23 22:48:13.574390,Opportunity
901,890,Product D,423.71,2022-11-27 16:13:55.046841,Pending
902,952,Product A,916.8,2022-02-28 00:55:25.491338,Closed
903,910,Product D,937.86,2021-12-03 17:32:31.299212,Lead
904,903,Product B,951.88,2020-01-10 13:49:21.013629,Opportunity
905,7,Product A,395.28,2021-06-30 23:17:04.098778,Lead
906,65,Product C,207.5,2021-01-21 09:02:33.852026,Opportunity
907,136,Product C,311.78,2023-11-10 08:18:07.570650,Pending
908,376,Product D,465.42,2023-04-07 08:58:21.566612,Lead
909,847,Product D,553.99,2023-02-01 13:37:38.101692,Pending
910,792,Product B,142.97,2020-04-27 13:17:04.205196,Pending
911,651,Product A,397.02,2023-02-06 01:39:25.285917,Closed
912,346,Product A,544.06,2021-06-18 21:28:41.995996,Pending
913,378,Product B,825.3,2020-09-11 03:35:15.697025,Opportunity
914,71,Product A,581.93,2020-08-18 18:56:05.754872,Lead
915,741,Product A,496.42,2021-05-26 11:35:44.810973,Lead
916,884,Product A,729.07,2020-10-14 15:59:08.811111,Closed
917,385,Product B,417.19,2023-05-12 16:44:11.022208,Lead
918,526,Product D,253.65,2021-07-04 09:21:02.958292,Closed
919,369,Product A,192.96,2022-11-01 07:41:36.702060,Opportunity
920,278,Product A,563.8,2022-12-29 22:41:00.045817,Opportunity
921,588,Product B,213.08,2023-10-13 06:22:15.516271,Lead
922,419,Product D,938.81,2023-02-12 09:04:56.494534,Closed
923,462,Product A,184.39,2023-04-24 18:21:46.420898,Closed
924,513,Product C,855.97,2022-02-07 21:26:48.570756,Closed
925,180,Product C,554.0,2024-01-10 00:38:50.286957,Pending
926,125,Product A,711.01,2023-07-11 16:57:22.351114,Opportunity
927,231,Product B,648.66,2023-09-12 07:50:56.427558,Lead
928,885,Product B,401.63,2020-07-04 17:07:07.800759,Lead
929,430,Product B,251.58,2022-09-05 16:05:59.680735,Opportunity
930,448,Product A,133.23,2024-03-06 07:09:50.443802,Opportunity
931,110,Product C,910.58,2021-03-14 22:09:49.536467,Lead
932,973,Product D,164.76,2024-03-15 15:47:20.935414,Closed
933,236,Product D,195.43,2021-06-23 06:55:54.015435,Closed
934,612,Product C,412.2,2024-04-10 05:23:50.693639,Lead
935,902,Product D,329.9,2020-02-02 19:35:47.172363,Closed
936,732,Product D,952.74,2024-04-23 08:59:19.672871,Opportunity
937,319,Product C,762.61,2021-11-27 09:26:02.143538,Lead
938,213,Product B,702.99,2021-10-22 13:22:39.670220,Opportunity
939,854,Product A,111.79,2023-09-06 20:42:28.793814,Closed
940,9,Product C,207.06,2022-10-04 01:08:41.722441,Closed
941,345,Product A,491.93,2023-07-29 17:09:00.972812,Closed
942,347,Product D,323.15,2023-01-13 11:14:22.445737,Lead
943,186,Product D,619.65,2021-04-14 22:30:11.084429,Opportunity
944,184,Product C,830.87,2022-05-24 23:24:02.515949,Lead
945,236,Product D,382.33,2020-12-07 06:23:10.901529,Pending
946,373,Product D,286.57,2021-12-28 16:14:02.149683,Closed
947,384,Product D,670.16,2022-08-15 22:52:03.761415,Opportunity
948,871,Product C,163.54,2024-02-28 19:12:05.767077,Lead
949,999,Product D,867.02,2020-04-06 13:44:52.094557,Pending
950,896,Product B,543.66,2023-11-26 17:20:57.817917,Closed
951,330,Product D,377.5,2020-07-23 16:58:55.263517,Lead
952,53,Product C,323.53,2023-06-30 09:35:46.703759,Lead
953,527,Product D,675.07,2020-07-10 06:04:50.220912,Pending
954,282,Product D,567.24,2024-01-17 18:34:38.141056,Opportunity
955,68,Product C,668.92,2021-03-19 14:39:50.893307,Opportunity
956,358,Product B,873.06,2024-04-24 17:01:41.014246,Opportunity
957,917,Product B,969.95,2020-08-25 04:35:22.219178,Lead
958,727,Product D,670.09,2020-01-09 05:51:52.237655,Pending
959,523,Product D,468.37,2023-08-13 11:16:36.442427,Opportunity
960,35,Product D,331.48,2021-03-03 21:00:32.132690,Closed
961,68,Product A,707.04,2021-11-04 13:49:08.690846,Lead
962,675,Product B,766.5,2024-06-22 17:51:59.706793,Closed
963,966,Product D,130.99,2024-04-25 16:05:56.698902,Pending
964,187,Product B,283.76,2022-01-19 20:30:56.101624,Opportunity
965,565,Product A,159.04,2022-08-04 14:31:39.597905,Closed
966,247,Product B,212.26,2020-01-26 21:28:14.373227,Pending
967,538,Product A,552.06,2022-06-04 06:38:44.372505,Lead
968,889,Product D,433.84,2023-04-30 02:49:32.151445,Opportunity
969,78,Product D,408.08,2021-02-25 18:14:12.762966,Pending
970,439,Product D,801.15,2021-06-11 03:25:16.160717,Lead
971,355,Product C,626.67,2023-11-10 14:47:07.543381,Closed
972,921,Product D,753.96,2024-05-23 22:57:56.438503,Closed
973,920,Product D,564.49,2022-02-01 20:22:08.561818,Closed
974,923,Product D,824.91,2021-01-06 15:55:18.079939,Opportunity
975,166,Product D,538.44,2023-06-13 01:02:09.726767,Opportunity
976,532,Product A,939.85,2020-05-12 13:11:52.782348,Lead
977,388,Product C,226.37,2024-03-06 20:24:24.175989,Pending
978,322,Product A,364.09,2021-04-13 08:46:57.180709,Closed
979,828,Product B,668.34,2023-01-12 23:12:04.196921,Lead
980,10,Product D,421.75,2020-05-25 18:05:32.150820,Closed
981,194,Product D,363.15,2024-02-25 12:39:57.137750,Lead
982,537,Product A,135.51,2021-12-27 03:40:31.370880,Pending
983,129,Product A,334.34,2022-01-25 04:11:49.336899,Closed
984,487,Product B,651.92,2021-03-17 09:02:09.290855,Opportunity
985,710,Product D,767.59,2023-11-19 12:31:18.562017,Pending
986,397,Product A,289.39,2021-06-06 19:30:31.353652,Closed
987,95,Product B,761.66,2020-08-05 17:22:41.267856,Opportunity
988,949,Product C,572.12,2022-04-20 10:14:17.932989,Lead
989,613,Product D,168.58,2022-06-21 12:13:45.458690,Closed
990,334,Product D,680.32,2020-03-07 07:27:04.100209,Closed
991,605,Product D,585.05,2023-09-05 06:52:08.448255,Pending
992,23,Product B,940.72,2024-01-12 16:56:56.899709,Closed
993,969,Product C,443.58,2023-01-13 15:54:15.935278,Pending
994,162,Product B,426.51,2020-06-22 00:32:16.125022,Lead
995,899,Product C,344.59,2021-02-26 08:46:41.861831,Opportunity
996,951,Product A,680.67,2023-09-16 15:36:14.787626,Opportunity
997,345,Product B,694.06,2021-12-24 23:29:08.828686,Closed
998,157,Product C,381.33,2022-05-19 17:02:06.582428,Closed
999,403,Product D,828.08,2023-03-29 04:38:02.059493,Lead
