ticket_id,customer_id,issue_description,status,opened_at,closed_at
0,341,Account locked,Open,2024-03-22 02:16:56.481752,
1,624,Payment failure,Closed,2022-09-28 20:53:09.131933,2022-10-26 20:53:09.131933
2,912,Account locked,Open,2023-04-05 05:23:31.794900,
3,414,Login issue,Closed,2022-11-16 12:57:04.882856,2022-12-02 12:57:04.882856
4,156,Product not received,Open,2020-11-02 06:36:51.350282,
5,348,Payment failure,Closed,2022-04-15 01:13:54.308052,2022-04-29 01:13:54.308052
6,154,Product not received,In Progress,2021-05-06 10:56:25.437564,
7,471,Payment failure,Closed,2020-08-22 01:44:20.295412,2020-09-11 01:44:20.295412
8,278,Product not received,Open,2023-05-29 19:10:38.398640,
9,452,Account locked,Closed,2021-03-09 04:38:38.104753,2021-03-12 04:38:38.104753
10,983,Payment failure,Closed,2022-12-11 04:37:30.538207,2023-01-06 04:37:30.538207
11,913,Product not received,In Progress,2020-07-29 16:34:19.706061,
12,36,Account locked,In Progress,2021-04-05 07:29:31.867514,
13,878,Login issue,In Progress,2021-08-08 01:35:46.672546,
14,147,Product not received,In Progress,2021-09-10 18:24:32.433810,
15,20,Payment failure,Open,2020-04-09 04:32:39.054801,
16,213,Product not received,Open,2023-09-17 03:26:44.529505,
17,751,Login issue,In Progress,2023-04-20 07:29:36.083270,
18,33,Product not received,Open,2021-02-07 15:25:53.920234,
19,283,Login issue,Open,2022-12-29 14:10:31.787687,
20,295,Product not received,Open,2022-05-09 11:47:49.662631,
21,232,Login issue,Open,2024-03-11 12:55:19.736288,
22,673,Product not received,In Progress,2020-01-09 21:28:07.217204,
23,891,Login issue,Open,2021-02-22 12:01:03.610758,
24,347,Product not received,In Progress,2023-07-05 10:01:41.566110,
25,687,Payment failure,In Progress,2023-01-13 17:19:40.846537,
26,212,Payment failure,In Progress,2022-07-04 02:44:16.793409,
27,793,Login issue,In Progress,2022-07-08 17:26:48.456254,
28,655,Login issue,Closed,2023-07-10 19:56:04.798351,2023-07-16 19:56:04.798351
29,481,Payment failure,In Progress,2020-10-30 08:05:02.526401,
30,366,Login issue,Closed,2023-02-24 10:11:38.060863,2023-03-26 10:11:38.060863
31,282,Payment failure,In Progress,2020-11-17 18:35:31.012895,
32,240,Payment failure,Closed,2024-02-14 04:32:37.265331,2024-03-03 04:32:37.265331
33,279,Payment failure,In Progress,2022-01-13 23:24:52.234445,
34,64,Login issue,Closed,2020-07-24 02:38:36.993118,2020-08-03 02:38:36.993118
35,686,Payment failure,In Progress,2023-09-30 04:28:54.411031,
36,870,Login issue,In Progress,2022-07-16 20:31:50.348182,
37,558,Product not received,Closed,2020-06-17 21:32:31.828544,2020-07-13 21:32:31.828544
38,949,Account locked,Closed,2022-02-03 08:30:39.055841,2022-02-26 08:30:39.055841
39,219,Product not received,Open,2021-07-31 00:04:56.501060,
40,973,Account locked,Open,2022-02-19 17:48:50.983880,
41,348,Account locked,Open,2020-11-25 11:26:23.563866,
42,989,Product not received,In Progress,2023-08-01 12:18:18.960416,
43,7,Account locked,Closed,2023-12-29 16:48:49.005808,2024-01-22 16:48:49.005808
44,125,Account locked,In Progress,2023-08-17 21:40:38.886252,
45,799,Product not received,Closed,2020-12-08 17:28:11.100353,2021-01-01 17:28:11.100353
46,944,Payment failure,Closed,2022-07-03 18:38:32.594094,2022-07-29 18:38:32.594094
47,755,Product not received,In Progress,2021-06-08 09:39:45.453860,
48,35,Login issue,Open,2020-08-24 14:21:50.483839,
49,500,Product not received,Open,2023-02-24 06:06:33.469032,
50,114,Payment failure,In Progress,2020-04-29 20:24:30.643354,
51,24,Account locked,In Progress,2020-12-31 18:17:39.217567,
52,657,Login issue,Open,2020-07-05 08:18:56.618325,
53,311,Login issue,Closed,2021-02-25 03:11:57.656931,2021-03-11 03:11:57.656931
54,199,Payment failure,In Progress,2022-12-18 15:54:42.834283,
55,668,Payment failure,Closed,2022-07-13 00:29:03.148655,2022-08-12 00:29:03.148655
56,680,Account locked,Open,2020-07-28 05:35:17.734265,
57,214,Payment failure,Open,2023-05-23 14:14:55.670506,
58,803,Payment failure,Closed,2021-03-18 11:08:17.552893,2021-03-24 11:08:17.552893
59,517,Payment failure,Closed,2020-10-02 13:48:51.022428,2020-10-30 13:48:51.022428
60,581,Login issue,Closed,2023-01-20 09:46:32.522976,2023-01-24 09:46:32.522976
61,950,Product not received,Closed,2020-01-22 18:51:55.934257,2020-02-05 18:51:55.934257
62,70,Product not received,Closed,2022-10-24 14:38:30.355533,2022-11-11 14:38:30.355533
63,643,Payment failure,Open,2020-12-26 14:56:46.996882,
64,716,Login issue,Closed,2023-03-08 22:23:22.550936,2023-03-24 22:23:22.550936
65,284,Login issue,Closed,2021-08-14 13:51:09.636399,2021-08-31 13:51:09.636399
66,442,Payment failure,Open,2023-06-23 04:05:27.011055,
67,468,Login issue,Closed,2024-05-23 19:12:35.863058,2024-05-31 19:12:35.863058
68,258,Account locked,Closed,2020-10-23 03:10:05.281962,2020-10-26 03:10:05.281962
69,414,Login issue,In Progress,2020-06-24 18:20:37.354961,
70,949,Login issue,In Progress,2023-06-03 10:54:58.242772,
71,129,Payment failure,Open,2024-06-07 10:14:59.732410,
72,596,Account locked,In Progress,2020-05-10 11:02:22.487616,
73,26,Login issue,In Progress,2020-01-01 04:18:27.786256,
74,72,Account locked,Open,2020-08-20 01:10:35.283914,
75,890,Account locked,Open,2021-06-25 05:39:06.359372,
76,307,Payment failure,Open,2022-12-24 12:41:50.965521,
77,960,Login issue,Closed,2020-07-02 23:47:13.889202,2020-07-16 23:47:13.889202
78,669,Account locked,Open,2021-07-29 09:05:02.394561,
79,706,Payment failure,Open,2022-10-20 21:32:05.553215,
80,940,Login issue,In Progress,2021-09-13 13:21:57.385528,
81,317,Login issue,Closed,2022-12-10 08:53:45.110329,2022-12-29 08:53:45.110329
82,563,Account locked,In Progress,2022-10-29 07:07:10.176955,
83,77,Product not received,Closed,2024-03-16 02:20:46.352153,2024-04-10 02:20:46.352153
84,256,Account locked,In Progress,2023-07-17 02:01:03.188910,
85,450,Product not received,Open,2021-04-02 21:37:40.797933,
86,27,Product not received,Closed,2023-12-30 10:24:03.466221,2024-01-04 10:24:03.466221
87,679,Account locked,Closed,2023-11-20 17:55:16.610841,2023-12-12 17:55:16.610841
88,561,Account locked,In Progress,2020-12-24 10:14:59.090345,
89,809,Payment failure,Open,2020-06-19 23:09:04.485064,
90,687,Product not received,In Progress,2020-01-30 11:03:26.537010,
91,992,Account locked,Closed,2022-06-09 10:43:20.867314,2022-06-19 10:43:20.867314
92,588,Account locked,Open,2020-06-02 03:58:45.876863,
93,200,Product not received,Closed,2021-05-22 03:58:44.089523,2021-06-11 03:58:44.089523
94,561,Product not received,In Progress,2021-08-08 06:33:26.514642,
95,868,Payment failure,Open,2022-01-14 23:04:50.891334,
96,990,Product not received,Open,2023-04-06 09:59:26.819131,
97,545,Account locked,Open,2021-02-11 02:38:44.296311,
98,349,Login issue,In Progress,2021-03-31 03:03:01.207321,
99,12,Account locked,Open,2022-09-30 09:44:13.560501,
100,970,Account locked,Open,2021-11-07 18:37:54.918695,
101,897,Account locked,Open,2021-06-13 03:19:46.214697,
102,776,Product not received,In Progress,2022-04-27 16:55:13.349029,
103,873,Account locked,Open,2021-09-13 21:38:17.223813,
104,529,Account locked,In Progress,2022-07-07 01:41:09.923751,
105,610,Payment failure,Closed,2022-11-24 14:40:47.053489,2022-12-20 14:40:47.053489
106,225,Payment failure,Closed,2024-06-07 04:12:59.345846,2024-07-07 04:12:59.345846
107,698,Product not received,Closed,2022-07-10 08:12:36.329537,2022-07-21 08:12:36.329537
108,846,Login issue,Open,2020-06-28 16:57:54.847043,
109,529,Login issue,Open,2024-04-22 18:10:03.779612,
110,776,Payment failure,In Progress,2023-12-24 06:56:36.694786,
111,108,Payment failure,In Progress,2020-07-24 08:56:39.178148,
112,804,Payment failure,Closed,2024-03-15 09:55:12.196093,2024-04-14 09:55:12.196093
113,167,Payment failure,Open,2022-03-19 14:39:07.198536,
114,609,Product not received,Closed,2023-07-26 22:41:03.151753,2023-08-22 22:41:03.151753
115,635,Login issue,Open,2021-01-31 19:00:05.013885,
116,721,Account locked,Open,2020-05-21 01:57:55.004794,
117,875,Login issue,Open,2020-08-23 16:24:31.899012,
118,793,Account locked,Open,2022-04-17 11:47:48.268731,
119,385,Product not received,In Progress,2020-06-27 05:49:47.394838,
120,420,Payment failure,In Progress,2021-03-01 01:41:37.930168,
121,209,Login issue,In Progress,2020-03-09 00:27:59.477899,
122,248,Login issue,In Progress,2023-06-10 17:07:22.328159,
123,923,Login issue,In Progress,2024-04-26 16:38:42.925717,
124,341,Payment failure,In Progress,2020-02-13 12:51:42.331034,
125,146,Login issue,In Progress,2024-05-25 17:04:27.226893,
126,632,Product not received,In Progress,2023-09-23 20:03:39.700889,
127,296,Account locked,Closed,2020-04-14 09:58:53.356025,2020-04-15 09:58:53.356025
128,20,Payment failure,Closed,2023-07-30 22:03:48.471897,2023-08-13 22:03:48.471897
129,282,Payment failure,Closed,2023-10-18 07:56:21.112846,2023-10-28 07:56:21.112846
130,619,Login issue,Closed,2021-01-04 16:17:56.707307,2021-01-12 16:17:56.707307
131,188,Login issue,Open,2023-12-04 09:30:16.240448,
132,207,Payment failure,Closed,2023-08-04 01:30:00.427639,2023-08-12 01:30:00.427639
133,135,Account locked,Closed,2024-07-07 17:12:25.621401,2024-08-06 17:12:25.621401
134,422,Product not received,In Progress,2021-09-20 11:01:07.090978,
135,789,Product not received,In Progress,2022-10-19 01:53:36.031118,
136,761,Payment failure,Closed,2024-03-04 11:37:20.571513,2024-03-07 11:37:20.571513
137,879,Account locked,In Progress,2021-03-14 07:20:51.584030,
138,644,Payment failure,Open,2023-11-11 07:39:16.350344,
139,832,Account locked,Closed,2024-06-20 15:45:56.840230,2024-07-01 15:45:56.840230
140,294,Product not received,Closed,2020-01-06 09:02:33.811421,2020-01-07 09:02:33.811421
141,816,Login issue,In Progress,2021-11-15 18:29:28.334988,
142,948,Account locked,Open,2021-05-14 12:25:20.638903,
143,388,Product not received,Open,2023-08-04 12:28:16.028642,
144,778,Login issue,Open,2024-05-27 04:27:49.429540,
145,843,Payment failure,Open,2021-07-01 03:41:41.008320,
146,291,Account locked,In Progress,2020-04-05 23:40:24.147458,
147,412,Login issue,In Progress,2024-05-22 18:40:02.772899,
148,672,Login issue,In Progress,2023-12-09 10:37:21.218703,
149,798,Account locked,Closed,2020-11-24 12:23:31.442682,2020-12-08 12:23:31.442682
150,603,Account locked,Closed,2021-07-28 15:43:06.439708,2021-08-05 15:43:06.439708
151,408,Login issue,In Progress,2023-05-22 07:42:06.801651,
152,168,Login issue,Open,2022-08-12 08:58:45.714862,
153,125,Product not received,Open,2021-12-11 19:27:34.071863,
154,766,Product not received,Closed,2021-11-11 01:45:19.937419,2021-11-19 01:45:19.937419
155,398,Product not received,Open,2021-02-10 09:29:07.174822,
156,683,Login issue,Closed,2023-03-03 06:34:40.535693,2023-03-22 06:34:40.535693
157,69,Product not received,In Progress,2024-04-09 14:45:41.187455,
158,28,Payment failure,Open,2022-02-05 12:37:36.713253,
159,221,Product not received,Closed,2021-02-20 20:01:34.064882,2021-02-22 20:01:34.064882
160,767,Product not received,In Progress,2022-02-26 17:45:55.940415,
161,34,Product not received,Open,2021-02-08 03:19:48.799407,
162,738,Login issue,Open,2022-09-14 08:57:14.636136,
163,367,Login issue,Open,2020-05-21 05:04:23.165488,
164,69,Product not received,Open,2024-06-21 17:30:25.796971,
165,730,Account locked,Closed,2022-11-17 04:42:29.576248,2022-12-06 04:42:29.576248
166,275,Product not received,In Progress,2020-06-22 21:50:47.221622,
167,439,Payment failure,Open,2021-08-27 14:48:17.507424,
168,791,Account locked,Closed,2022-06-04 20:44:37.925023,2022-06-06 20:44:37.925023
169,989,Account locked,In Progress,2023-02-22 08:03:56.802217,
170,3,Login issue,In Progress,2020-01-24 13:36:24.261111,
171,92,Account locked,Closed,2020-08-24 11:24:04.138405,2020-09-14 11:24:04.138405
172,90,Account locked,Open,2022-09-23 01:58:42.301533,
173,74,Product not received,Closed,2022-12-07 22:33:29.628467,2022-12-31 22:33:29.628467
174,316,Payment failure,Closed,2023-07-30 08:45:39.564718,2023-08-14 08:45:39.564718
175,83,Login issue,Closed,2022-12-22 02:03:42.454957,2023-01-16 02:03:42.454957
176,86,Product not received,Closed,2023-09-10 03:31:17.781404,2023-09-21 03:31:17.781404
177,64,Payment failure,Closed,2023-12-09 10:49:55.404951,2024-01-06 10:49:55.404951
178,45,Payment failure,In Progress,2020-12-21 18:32:41.884524,
179,129,Login issue,In Progress,2022-11-30 19:37:19.920089,
180,127,Product not received,In Progress,2020-07-04 08:18:04.735392,
181,564,Product not received,In Progress,2022-02-09 11:31:43.659436,
182,966,Payment failure,Open,2023-10-30 05:05:07.404039,
183,803,Account locked,Closed,2021-03-04 03:57:36.330300,2021-03-20 03:57:36.330300
184,691,Login issue,Closed,2023-06-13 13:41:13.486102,2023-06-25 13:41:13.486102
185,514,Product not received,Closed,2023-03-25 22:03:52.428781,2023-03-29 22:03:52.428781
186,433,Account locked,In Progress,2022-09-25 03:48:45.199690,
187,714,Product not received,In Progress,2024-06-23 20:37:05.974897,
188,869,Product not received,Closed,2022-10-18 04:43:35.214058,2022-10-23 04:43:35.214058
189,539,Login issue,Open,2021-09-17 04:35:51.773982,
190,485,Payment failure,Open,2022-05-15 00:22:58.160186,
191,183,Product not received,In Progress,2020-04-14 18:50:11.194273,
192,408,Account locked,Open,2022-07-19 06:00:55.386532,
193,438,Account locked,Closed,2020-09-06 23:13:46.396032,2020-09-12 23:13:46.396032
194,718,Account locked,Open,2023-02-08 00:28:56.988648,
195,35,Payment failure,In Progress,2023-09-09 21:54:45.878899,
196,62,Account locked,Closed,2022-05-21 00:02:50.891978,2022-06-17 00:02:50.891978
197,658,Login issue,Closed,2024-05-19 04:26:02.039632,2024-05-30 04:26:02.039632
198,578,Payment failure,Open,2020-10-13 03:17:41.282989,
199,557,Account locked,In Progress,2022-06-29 13:46:52.143345,
200,348,Payment failure,Open,2024-05-10 19:33:46.162384,
201,562,Account locked,Open,2022-09-19 18:26:16.525592,
202,534,Login issue,Open,2024-05-05 04:11:18.472941,
203,245,Product not received,Closed,2022-05-10 11:53:11.796523,2022-06-08 11:53:11.796523
204,958,Account locked,Open,2024-02-28 04:52:24.442943,
205,956,Product not received,In Progress,2022-03-11 12:53:59.427327,
206,477,Login issue,Open,2022-12-17 03:12:49.035419,
207,660,Payment failure,Open,2020-03-06 01:22:51.035528,
208,549,Account locked,Open,2023-08-07 18:54:34.494657,
209,353,Login issue,In Progress,2024-06-03 03:28:28.113847,
210,602,Product not received,Closed,2021-09-23 10:22:15.662809,2021-10-19 10:22:15.662809
211,323,Product not received,In Progress,2020-09-23 13:33:45.765756,
212,716,Product not received,In Progress,2022-06-17 02:47:12.005281,
213,792,Login issue,Closed,2022-05-04 04:09:53.952697,2022-05-21 04:09:53.952697
214,363,Product not received,Open,2020-10-06 02:06:30.311705,
215,58,Login issue,Open,2022-10-06 13:02:47.283085,
216,782,Login issue,Open,2023-10-10 11:01:52.162759,
217,835,Product not received,Closed,2023-06-17 05:29:40.468133,2023-06-28 05:29:40.468133
218,482,Account locked,Closed,2024-01-17 09:50:19.250578,2024-02-15 09:50:19.250578
219,482,Payment failure,Closed,2021-06-27 09:36:07.421632,2021-07-10 09:36:07.421632
220,803,Login issue,Closed,2024-07-21 14:30:08.515434,2024-08-10 14:30:08.515434
221,184,Account locked,Open,2021-07-25 17:10:58.231548,
222,31,Payment failure,Open,2023-05-29 01:40:00.725601,
223,442,Login issue,In Progress,2023-01-03 16:12:53.218998,
224,354,Product not received,Open,2022-08-24 01:26:26.724274,
225,154,Account locked,Open,2024-02-25 20:27:27.120632,
226,199,Payment failure,Open,2021-07-12 00:52:40.375570,
227,664,Product not received,Closed,2021-05-06 00:57:29.476748,2021-05-28 00:57:29.476748
228,471,Login issue,In Progress,2023-01-26 17:03:14.302359,
229,344,Payment failure,Closed,2020-08-29 00:06:37.039458,2020-09-20 00:06:37.039458
230,403,Product not received,Open,2021-02-19 17:17:16.657266,
231,976,Login issue,Closed,2023-11-02 08:34:18.450101,2023-11-21 08:34:18.450101
232,241,Product not received,In Progress,2024-05-26 01:55:59.490603,
233,897,Payment failure,Closed,2022-10-30 05:16:29.343637,2022-11-12 05:16:29.343637
234,967,Product not received,Closed,2022-08-09 07:11:48.677463,2022-09-03 07:11:48.677463
235,445,Login issue,Closed,2022-08-08 02:01:05.855334,2022-08-18 02:01:05.855334
236,567,Account locked,In Progress,2024-07-21 04:03:36.816957,
237,143,Payment failure,Closed,2022-06-17 21:13:59.403282,2022-06-30 21:13:59.403282
238,455,Payment failure,Closed,2023-06-22 02:01:47.818248,2023-07-15 02:01:47.818248
239,534,Payment failure,Open,2022-08-07 20:05:03.586272,
240,278,Product not received,In Progress,2024-05-28 11:29:12.837506,
241,893,Login issue,Open,2021-02-03 18:41:47.957798,
242,190,Account locked,Closed,2020-01-07 06:56:44.624059,2020-01-22 06:56:44.624059
243,165,Account locked,Closed,2021-09-08 17:03:00.867064,2021-09-19 17:03:00.867064
244,958,Product not received,Closed,2020-09-30 22:29:29.155450,2020-10-24 22:29:29.155450
245,590,Account locked,Open,2024-04-14 23:41:35.387599,
246,243,Product not received,Closed,2020-12-20 18:46:36.946439,2021-01-09 18:46:36.946439
247,329,Product not received,In Progress,2023-04-08 21:47:04.526839,
248,773,Product not received,Closed,2024-05-16 11:16:14.377005,2024-06-11 11:16:14.377005
249,39,Product not received,Open,2024-03-31 06:17:21.626242,
250,680,Payment failure,Closed,2023-03-09 20:40:22.442730,2023-03-28 20:40:22.442730
251,845,Product not received,Open,2022-04-27 10:07:56.019926,
252,428,Login issue,Open,2022-09-16 15:53:03.272323,
253,982,Payment failure,In Progress,2020-05-07 06:40:43.649077,
254,995,Product not received,Open,2020-12-11 22:28:16.480988,
255,921,Payment failure,In Progress,2020-10-16 11:18:55.048816,
256,214,Product not received,Closed,2022-02-22 09:16:23.980552,2022-03-01 09:16:23.980552
257,86,Product not received,In Progress,2021-04-14 13:11:12.849370,
258,67,Account locked,Closed,2022-01-17 10:51:15.115060,2022-01-31 10:51:15.115060
259,32,Login issue,In Progress,2020-02-26 04:31:49.708526,
260,364,Account locked,Open,2023-09-29 21:13:25.074147,
261,195,Login issue,Open,2024-01-24 23:54:47.670516,
262,992,Payment failure,Closed,2022-02-01 15:19:32.986258,2022-02-25 15:19:32.986258
263,714,Payment failure,In Progress,2020-07-31 17:14:44.615815,
264,314,Payment failure,In Progress,2021-12-19 22:47:38.610365,
265,178,Login issue,Open,2021-07-25 12:36:45.295139,
266,496,Payment failure,In Progress,2020-06-12 19:26:40.815136,
267,135,Product not received,Closed,2023-08-20 00:49:37.821362,2023-08-22 00:49:37.821362
268,132,Login issue,In Progress,2022-01-27 04:56:48.275295,
269,206,Account locked,Closed,2020-12-29 04:03:39.301501,2021-01-04 04:03:39.301501
270,965,Product not received,Closed,2023-06-07 20:15:12.661649,2023-07-04 20:15:12.661649
271,260,Account locked,In Progress,2020-07-15 00:58:32.958036,
272,833,Login issue,In Progress,2020-08-13 15:03:33.317380,
273,464,Product not received,In Progress,2020-04-11 09:19:14.089038,
274,810,Account locked,Open,2020-10-17 21:44:34.013442,
275,444,Login issue,Open,2022-10-26 19:37:02.754649,
276,823,Product not received,Open,2024-01-05 08:28:59.716479,
277,105,Account locked,Open,2020-07-07 22:39:45.626235,
278,678,Account locked,In Progress,2023-03-02 03:58:03.031512,
279,669,Account locked,In Progress,2024-06-04 15:42:46.026933,
280,294,Account locked,Open,2023-07-09 19:15:00.565315,
281,898,Product not received,Closed,2023-08-15 19:53:07.805925,2023-08-27 19:53:07.805925
282,933,Product not received,In Progress,2020-05-20 09:00:17.341544,
283,414,Login issue,Open,2020-11-30 11:11:15.341959,
284,945,Account locked,In Progress,2020-09-03 14:40:21.557511,
285,28,Login issue,In Progress,2020-11-15 23:11:52.701622,
286,208,Account locked,Open,2020-09-25 13:15:30.276448,
287,81,Payment failure,Closed,2023-10-26 04:41:17.789852,2023-11-16 04:41:17.789852
288,690,Account locked,Closed,2022-08-10 14:49:42.168718,2022-08-27 14:49:42.168718
289,942,Product not received,Closed,2021-06-13 01:15:12.715457,2021-06-22 01:15:12.715457
290,238,Product not received,Open,2020-12-13 20:53:25.507433,
291,629,Account locked,In Progress,2021-05-28 09:42:45.398450,
292,2,Login issue,Open,2020-02-12 12:19:38.328294,
293,775,Payment failure,Open,2022-07-15 21:09:35.681840,
294,488,Product not received,In Progress,2020-03-15 07:56:58.638378,
295,491,Account locked,Closed,2022-12-21 21:24:36.168801,2023-01-09 21:24:36.168801
296,313,Login issue,In Progress,2020-06-28 23:14:14.314044,
297,136,Login issue,In Progress,2021-12-06 09:46:13.600680,
298,419,Login issue,In Progress,2022-01-10 21:09:14.797049,
299,648,Product not received,Open,2020-12-05 21:23:02.748504,
300,329,Payment failure,Closed,2023-07-07 05:17:01.223367,2023-08-01 05:17:01.223367
301,723,Product not received,Open,2022-03-26 10:12:48.900553,
302,285,Product not received,Closed,2022-01-09 10:17:00.781943,2022-01-22 10:17:00.781943
303,377,Login issue,Open,2021-11-28 19:38:55.463827,
304,220,Account locked,Open,2022-10-18 16:53:35.007212,
305,743,Login issue,Open,2023-05-06 19:10:21.908958,
306,346,Payment failure,Closed,2020-08-29 19:04:23.442563,2020-09-08 19:04:23.442563
307,899,Account locked,Open,2021-07-05 18:39:13.002804,
308,10,Login issue,Open,2021-07-19 23:26:51.399977,
309,310,Payment failure,Open,2023-12-20 11:47:56.972932,
310,190,Product not received,In Progress,2023-03-18 06:14:52.052118,
311,391,Payment failure,In Progress,2022-10-27 08:59:52.359247,
312,532,Product not received,Closed,2022-06-03 09:30:40.667090,2022-06-25 09:30:40.667090
313,301,Account locked,Closed,2022-12-20 03:20:33.964606,2023-01-06 03:20:33.964606
314,995,Product not received,In Progress,2024-07-07 10:50:18.006171,
315,976,Product not received,In Progress,2020-10-06 21:40:31.748081,
316,806,Login issue,Closed,2021-06-12 09:25:51.778265,2021-07-07 09:25:51.778265
317,263,Product not received,Closed,2021-07-19 14:35:56.363312,2021-07-19 14:35:56.363312
318,121,Payment failure,In Progress,2022-12-12 09:27:58.518336,
319,633,Account locked,In Progress,2023-07-07 08:25:36.459791,
320,481,Payment failure,In Progress,2023-08-28 00:26:50.896093,
321,679,Payment failure,Open,2020-06-10 22:28:31.631364,
322,988,Login issue,Open,2023-01-31 07:24:24.043547,
323,308,Account locked,Open,2021-07-20 10:30:50.170688,
324,518,Login issue,Open,2021-04-28 08:54:07.498094,
325,520,Account locked,In Progress,2024-02-13 03:30:55.891241,
326,767,Account locked,In Progress,2021-02-25 18:12:20.298432,
327,192,Product not received,Closed,2021-11-18 02:59:28.546975,2021-12-07 02:59:28.546975
328,872,Product not received,In Progress,2022-04-08 00:49:20.155308,
329,537,Product not received,Closed,2024-04-26 06:26:33.124386,2024-05-15 06:26:33.124386
330,905,Login issue,Closed,2022-02-13 16:29:19.006067,2022-03-15 16:29:19.006067
331,446,Account locked,Closed,2024-01-17 02:32:36.071282,2024-01-21 02:32:36.071282
332,474,Account locked,Open,2022-09-01 22:07:31.707920,
333,878,Account locked,Closed,2021-09-02 00:39:42.899628,2021-09-17 00:39:42.899628
334,475,Product not received,Open,2020-06-02 01:01:55.775904,
335,50,Payment failure,Open,2020-10-13 02:56:41.085356,
336,296,Account locked,In Progress,2021-06-11 02:00:54.368576,
337,203,Account locked,In Progress,2021-05-25 19:29:30.730558,
338,245,Payment failure,In Progress,2022-03-23 15:23:00.061055,
339,768,Login issue,Closed,2020-05-06 03:04:00.178912,2020-05-06 03:04:00.178912
340,741,Payment failure,Open,2020-05-25 10:19:33.702346,
341,392,Account locked,Open,2022-01-24 21:01:58.352989,
342,824,Login issue,Open,2021-03-25 04:40:45.261257,
343,121,Login issue,In Progress,2022-01-09 20:52:18.830690,
344,192,Login issue,Closed,2023-09-16 22:31:03.865906,2023-09-29 22:31:03.865906
345,483,Payment failure,Closed,2021-07-04 04:02:33.093967,2021-07-17 04:02:33.093967
346,353,Product not received,Open,2021-08-14 08:09:45.517294,
347,89,Payment failure,Open,2023-10-23 06:33:46.703047,
348,764,Product not received,Closed,2022-07-06 16:11:28.839626,2022-08-01 16:11:28.839626
349,850,Payment failure,In Progress,2022-04-05 00:58:16.655707,
350,600,Login issue,In Progress,2021-02-19 15:41:13.175677,
351,227,Account locked,Open,2020-06-19 11:38:47.670918,
352,63,Product not received,Open,2020-12-24 17:00:41.610532,
353,81,Payment failure,Closed,2021-01-10 05:11:05.506454,2021-01-18 05:11:05.506454
354,830,Payment failure,Open,2023-06-26 11:49:27.084208,
355,10,Product not received,In Progress,2021-07-07 07:15:23.017492,
356,389,Payment failure,Open,2020-11-08 08:11:07.267908,
357,247,Login issue,In Progress,2022-03-18 20:30:47.474291,
358,953,Login issue,Closed,2020-04-20 00:36:14.696633,2020-04-20 00:36:14.696633
359,590,Payment failure,Open,2020-10-07 23:52:24.853213,
360,65,Payment failure,Open,2021-03-13 10:25:48.430444,
361,360,Payment failure,Open,2022-01-06 10:27:08.927276,
362,154,Account locked,In Progress,2021-03-01 22:30:54.338559,
363,785,Product not received,Closed,2022-12-03 14:54:31.262457,2022-12-22 14:54:31.262457
364,306,Payment failure,Open,2020-09-08 11:12:23.798983,
365,926,Login issue,Open,2023-07-07 20:08:12.687154,
366,789,Login issue,In Progress,2021-11-11 14:25:06.423464,
367,841,Payment failure,In Progress,2024-06-21 03:39:40.186740,
368,3,Payment failure,In Progress,2023-05-18 15:59:57.930988,
369,552,Account locked,Open,2022-07-01 23:37:32.567415,
370,760,Payment failure,Open,2023-10-22 21:18:50.823526,
371,244,Product not received,Open,2023-04-12 20:51:54.499620,
372,704,Login issue,In Progress,2021-06-15 22:16:21.062499,
373,278,Payment failure,In Progress,2021-04-14 00:33:23.707008,
374,5,Login issue,In Progress,2024-01-02 07:12:26.053310,
375,464,Account locked,Closed,2022-01-05 22:22:00.130306,2022-01-27 22:22:00.130306
376,441,Account locked,In Progress,2020-09-01 20:13:06.622055,
377,832,Login issue,In Progress,2022-09-12 13:26:16.145866,
378,23,Account locked,Closed,2022-07-03 05:21:38.188455,2022-07-05 05:21:38.188455
379,656,Login issue,Open,2020-02-06 06:37:21.509516,
380,13,Account locked,Closed,2023-06-09 08:55:28.892983,2023-06-27 08:55:28.892983
381,546,Account locked,Closed,2023-11-13 20:35:19.690355,2023-11-18 20:35:19.690355
382,766,Product not received,Open,2022-06-29 18:47:36.603189,
383,311,Product not received,Open,2023-04-04 23:02:59.742499,
384,900,Login issue,Closed,2022-06-02 10:30:41.683034,2022-06-30 10:30:41.683034
385,707,Account locked,In Progress,2020-06-05 22:28:31.800782,
386,330,Account locked,Open,2021-08-27 23:33:25.138075,
387,282,Payment failure,Open,2023-10-19 23:35:55.031372,
388,272,Login issue,In Progress,2020-04-09 21:39:29.406397,
389,619,Login issue,In Progress,2022-07-08 07:38:01.830189,
390,540,Login issue,Closed,2024-07-06 18:08:41.976825,2024-07-06 18:08:41.976825
391,373,Login issue,In Progress,2021-02-20 05:00:23.433480,
392,701,Product not received,Open,2021-06-14 08:36:42.564944,
393,781,Payment failure,In Progress,2021-01-17 00:12:55.133605,
394,600,Login issue,In Progress,2021-05-05 09:10:23.064911,
395,634,Account locked,In Progress,2021-01-20 15:03:48.126807,
396,585,Payment failure,Open,2024-03-20 06:47:25.930798,
397,493,Payment failure,Closed,2023-06-24 20:15:33.668964,2023-07-17 20:15:33.668964
398,199,Product not received,Open,2024-01-30 08:55:45.454961,
399,810,Product not received,Open,2020-11-09 12:16:59.698572,
400,172,Login issue,Open,2021-02-26 06:53:15.707700,
401,690,Product not received,Open,2020-11-18 11:07:35.007583,
402,864,Product not received,In Progress,2022-09-29 06:16:35.884738,
403,23,Payment failure,In Progress,2020-04-22 13:18:57.454238,
404,688,Account locked,Closed,2021-06-30 22:21:13.650990,2021-07-08 22:21:13.650990
405,960,Payment failure,Open,2021-10-09 18:44:41.869610,
406,517,Payment failure,Closed,2022-08-07 00:28:22.230744,2022-08-28 00:28:22.230744
407,209,Login issue,Open,2023-08-16 21:34:29.424992,
408,639,Login issue,In Progress,2023-06-07 06:39:57.629787,
409,446,Payment failure,In Progress,2021-03-14 16:38:43.906359,
410,771,Product not received,Open,2022-12-17 17:50:51.398026,
411,317,Account locked,In Progress,2020-07-20 14:07:29.529557,
412,825,Account locked,Open,2022-02-08 22:04:45.886807,
413,500,Payment failure,In Progress,2022-05-28 23:24:22.268138,
414,119,Payment failure,Closed,2024-01-03 07:17:25.303416,2024-01-15 07:17:25.303416
415,948,Account locked,Closed,2021-02-17 04:33:53.609212,2021-03-11 04:33:53.609212
416,745,Account locked,In Progress,2021-03-01 02:28:55.388086,
417,785,Payment failure,Closed,2023-07-07 22:24:30.271895,2023-08-04 22:24:30.271895
418,642,Account locked,Closed,2020-10-22 03:30:30.701954,2020-11-17 03:30:30.701954
419,557,Login issue,Open,2022-10-09 20:05:37.658071,
420,204,Login issue,Closed,2021-04-07 14:20:46.638314,2021-04-17 14:20:46.638314
421,78,Account locked,In Progress,2022-01-12 00:48:30.063551,
422,174,Payment failure,Closed,2024-07-05 16:03:04.335212,2024-07-22 16:03:04.335212
423,915,Login issue,In Progress,2020-06-07 08:00:10.751415,
424,174,Login issue,Closed,2023-04-13 00:28:25.951311,2023-04-30 00:28:25.951311
425,22,Payment failure,In Progress,2021-11-15 04:45:34.162000,
426,609,Payment failure,Open,2020-01-07 10:19:35.372033,
427,817,Product not received,Closed,2020-05-07 01:26:44.482844,2020-06-01 01:26:44.482844
428,963,Account locked,In Progress,2022-02-08 03:14:27.814393,
429,985,Payment failure,In Progress,2021-09-23 09:54:35.677204,
430,694,Account locked,Closed,2021-09-25 03:05:19.568007,2021-10-15 03:05:19.568007
431,228,Login issue,In Progress,2021-12-27 15:32:13.164016,
432,683,Product not received,In Progress,2020-06-23 00:16:30.176887,
433,425,Product not received,Open,2021-01-29 08:32:06.201423,
434,517,Account locked,Closed,2024-01-06 17:15:47.223360,2024-01-28 17:15:47.223360
435,647,Product not received,Closed,2020-01-11 19:23:52.284254,2020-01-24 19:23:52.284254
436,47,Account locked,In Progress,2020-01-19 05:37:47.155628,
437,820,Login issue,Closed,2020-07-08 13:36:34.218562,2020-07-08 13:36:34.218562
438,303,Payment failure,Open,2020-10-01 22:33:26.505273,
439,297,Product not received,In Progress,2023-12-30 02:01:49.092538,
440,228,Login issue,Open,2020-10-20 03:48:28.240445,
441,235,Payment failure,Open,2023-08-15 15:17:01.143951,
442,879,Product not received,Open,2022-06-29 22:43:17.890753,
443,111,Payment failure,Open,2023-10-11 16:51:18.643295,
444,987,Product not received,Closed,2024-04-16 10:04:26.502674,2024-04-25 10:04:26.502674
445,899,Payment failure,In Progress,2023-05-20 14:28:53.197607,
446,795,Payment failure,In Progress,2022-10-25 22:15:29.736788,
447,319,Product not received,Closed,2020-07-18 02:28:35.738485,2020-08-14 02:28:35.738485
448,916,Login issue,Open,2021-09-06 17:40:22.615175,
449,203,Login issue,In Progress,2023-03-06 00:21:16.013107,
450,873,Product not received,Open,2021-12-31 04:07:47.876705,
451,864,Account locked,Open,2023-06-30 11:02:08.609936,
452,568,Login issue,Closed,2021-06-24 07:28:27.888752,2021-06-30 07:28:27.888752
453,699,Account locked,Open,2022-06-22 05:04:08.268865,
454,897,Account locked,In Progress,2021-06-05 13:25:34.016484,
455,464,Payment failure,In Progress,2024-02-01 15:32:27.478460,
456,759,Product not received,In Progress,2020-08-15 00:38:23.185754,
457,45,Login issue,Open,2020-08-25 11:23:59.028900,
458,994,Product not received,In Progress,2022-02-19 03:21:23.671773,
459,448,Product not received,Open,2023-03-19 20:30:39.290270,
460,501,Account locked,Closed,2023-12-08 10:30:06.501268,2023-12-14 10:30:06.501268
461,644,Account locked,Closed,2022-09-24 06:09:27.977575,2022-10-08 06:09:27.977575
462,400,Login issue,Closed,2023-02-15 04:53:42.613568,2023-03-17 04:53:42.613568
463,229,Login issue,Open,2021-06-13 02:27:12.498957,
464,935,Account locked,Open,2021-07-18 07:14:29.432562,
465,962,Product not received,In Progress,2021-09-05 10:06:00.031461,
466,221,Payment failure,In Progress,2022-11-27 21:45:28.100188,
467,711,Payment failure,Closed,2023-04-09 20:04:00.541189,2023-05-07 20:04:00.541189
468,73,Payment failure,Open,2021-04-23 14:32:26.393954,
469,407,Login issue,In Progress,2023-11-03 10:34:55.805454,
470,991,Account locked,Closed,2022-09-28 05:49:53.847499,2022-09-29 05:49:53.847499
471,77,Login issue,In Progress,2024-07-19 22:51:11.739774,
472,318,Product not received,In Progress,2023-01-08 08:20:18.914995,
473,485,Payment failure,Closed,2024-04-23 01:38:23.948535,2024-05-21 01:38:23.948535
474,208,Account locked,Open,2022-09-18 00:32:25.507241,
475,993,Payment failure,Closed,2022-02-18 09:25:37.642327,2022-03-03 09:25:37.642327
476,582,Login issue,In Progress,2021-11-09 22:46:34.648448,
477,901,Payment failure,Open,2020-01-11 17:12:17.438429,
478,37,Account locked,Open,2022-01-15 07:46:43.952231,
479,714,Login issue,Closed,2022-06-18 07:37:03.426117,2022-06-19 07:37:03.426117
480,454,Product not received,In Progress,2021-07-22 02:44:22.810895,
481,704,Login issue,Open,2023-06-10 23:38:37.032288,
482,325,Account locked,In Progress,2021-12-01 10:28:15.862208,
483,641,Account locked,In Progress,2022-06-25 13:11:46.337198,
484,55,Login issue,Closed,2024-01-11 16:46:42.067104,2024-01-29 16:46:42.067104
485,438,Product not received,In Progress,2024-03-07 21:16:20.812430,
486,1,Login issue,In Progress,2022-11-12 23:25:34.727928,
487,39,Account locked,In Progress,2023-12-16 23:25:32.130663,
488,851,Account locked,In Progress,2020-05-29 14:40:19.780099,
489,99,Login issue,Open,2024-06-26 19:49:24.721567,
490,789,Account locked,Open,2020-09-07 17:23:40.762989,
491,522,Login issue,Closed,2021-08-10 13:20:51.912580,2021-08-29 13:20:51.912580
492,600,Account locked,Closed,2022-07-01 21:45:13.576961,2022-07-30 21:45:13.576961
493,444,Login issue,Open,2021-06-13 22:47:37.077683,
494,528,Payment failure,In Progress,2023-01-31 13:55:57.060223,
495,919,Payment failure,Closed,2022-03-09 02:40:14.895822,2022-03-13 02:40:14.895822
496,216,Account locked,In Progress,2023-07-07 22:40:15.011209,
497,33,Account locked,Open,2021-10-01 10:43:26.014395,
498,556,Account locked,Closed,2023-10-02 04:52:13.380342,2023-10-08 04:52:13.380342
499,723,Payment failure,In Progress,2022-03-31 21:37:02.145705,
500,350,Account locked,Closed,2020-01-30 11:21:33.474983,2020-02-10 11:21:33.474983
501,128,Payment failure,In Progress,2022-12-06 17:53:33.962114,
502,773,Product not received,Closed,2021-01-16 10:35:22.363278,2021-02-01 10:35:22.363278
503,714,Login issue,Closed,2021-03-13 11:44:25.878465,2021-03-19 11:44:25.878465
504,188,Login issue,In Progress,2021-11-23 19:07:50.539756,
505,470,Account locked,In Progress,2022-08-06 19:39:26.275553,
506,480,Login issue,Open,2024-03-21 18:25:38.920944,
507,803,Payment failure,Closed,2022-01-03 18:08:02.297256,2022-01-04 18:08:02.297256
508,817,Account locked,Closed,2021-11-07 16:49:28.534844,2021-11-15 16:49:28.534844
509,710,Login issue,Open,2023-01-14 11:46:18.867556,
510,482,Payment failure,In Progress,2023-08-16 04:54:07.774337,
511,796,Payment failure,Closed,2023-05-14 23:33:44.851569,2023-05-20 23:33:44.851569
512,918,Payment failure,Open,2023-03-05 20:01:38.402714,
513,376,Account locked,Closed,2024-02-15 01:26:41.718764,2024-02-29 01:26:41.718764
514,567,Login issue,In Progress,2024-02-02 01:15:06.322867,
515,610,Product not received,Closed,2023-07-19 18:17:56.436644,2023-08-06 18:17:56.436644
516,584,Payment failure,Open,2020-11-30 02:16:25.007171,
517,526,Account locked,Closed,2023-05-30 04:16:35.424147,2023-06-02 04:16:35.424147
518,899,Product not received,In Progress,2021-10-27 07:34:07.719327,
519,635,Account locked,Open,2022-10-28 13:55:09.431325,
520,336,Product not received,In Progress,2023-04-11 20:30:11.061274,
521,492,Product not received,In Progress,2023-01-26 12:11:05.832182,
522,319,Product not received,Open,2020-06-15 12:20:27.938505,
523,756,Login issue,Open,2022-08-23 19:14:53.130924,
524,395,Account locked,Closed,2023-07-01 02:21:05.903009,2023-07-14 02:21:05.903009
525,650,Login issue,In Progress,2021-10-03 03:16:52.604667,
526,806,Payment failure,In Progress,2023-12-06 01:51:05.199281,
527,497,Payment failure,In Progress,2021-03-21 08:23:01.491232,
528,757,Login issue,In Progress,2020-07-17 10:14:19.630494,
529,884,Product not received,Closed,2023-02-20 11:03:22.044086,2023-03-12 11:03:22.044086
530,924,Account locked,Open,2023-01-16 11:42:04.230952,
531,769,Login issue,Closed,2024-02-29 10:01:41.754746,2024-03-30 10:01:41.754746
532,453,Login issue,Closed,2021-10-31 15:52:24.351389,2021-11-10 15:52:24.351389
533,981,Product not received,Closed,2020-11-25 11:19:19.677042,2020-12-18 11:19:19.677042
534,508,Product not received,Open,2021-05-03 11:23:11.938878,
535,685,Account locked,Closed,2020-04-01 18:08:47.147248,2020-04-26 18:08:47.147248
536,868,Account locked,Open,2022-04-29 13:39:18.241696,
537,307,Payment failure,Closed,2023-12-16 14:54:24.259139,2024-01-10 14:54:24.259139
538,313,Payment failure,In Progress,2020-07-23 09:02:52.133123,
539,645,Product not received,Open,2022-06-30 00:57:09.214069,
540,824,Login issue,Open,2024-04-09 16:36:18.967401,
541,468,Login issue,In Progress,2020-01-07 07:27:49.277513,
542,389,Payment failure,Open,2020-06-30 08:01:37.232497,
543,587,Payment failure,Closed,2024-04-12 11:39:40.941264,2024-04-24 11:39:40.941264
544,137,Product not received,Closed,2023-07-05 03:01:35.682147,2023-07-10 03:01:35.682147
545,787,Account locked,Closed,2021-01-23 17:42:06.901500,2021-02-06 17:42:06.901500
546,740,Payment failure,In Progress,2021-04-15 15:56:53.466857,
547,579,Account locked,Open,2021-11-28 06:34:40.747975,
548,715,Product not received,Closed,2021-11-29 18:40:20.556605,2021-12-24 18:40:20.556605
549,983,Product not received,Open,2023-07-10 17:19:05.501703,
550,309,Login issue,Open,2023-05-28 08:24:48.367460,
551,950,Product not received,In Progress,2020-12-10 05:35:34.734264,
552,560,Account locked,Closed,2022-03-14 15:50:37.904672,2022-03-31 15:50:37.904672
553,130,Account locked,Closed,2020-06-26 04:11:21.071971,2020-07-15 04:11:21.071971
554,951,Product not received,In Progress,2024-03-01 01:44:23.115715,
555,144,Payment failure,In Progress,2020-01-11 11:57:53.968958,
556,86,Account locked,Closed,2021-11-29 00:37:52.199556,2021-12-22 00:37:52.199556
557,876,Account locked,Open,2020-05-16 02:56:56.796898,
558,645,Product not received,In Progress,2020-06-29 04:09:18.371480,
559,767,Login issue,Closed,2021-09-20 04:22:44.483073,2021-09-30 04:22:44.483073
560,511,Payment failure,Closed,2021-10-25 09:59:56.796195,2021-10-25 09:59:56.796195
561,187,Payment failure,Open,2020-04-07 21:23:44.369614,
562,25,Payment failure,Closed,2022-08-07 02:06:17.497862,2022-08-09 02:06:17.497862
563,68,Payment failure,In Progress,2022-10-17 23:00:53.019861,
564,484,Payment failure,Open,2024-03-01 23:03:57.421768,
565,740,Login issue,Closed,2022-07-30 21:29:54.920204,2022-08-11 21:29:54.920204
566,393,Account locked,In Progress,2022-01-29 11:44:29.194415,
567,177,Payment failure,In Progress,2022-03-30 16:41:30.272205,
568,238,Login issue,In Progress,2023-07-01 09:40:48.777455,
569,404,Payment failure,Closed,2023-11-25 04:11:54.961566,2023-12-05 04:11:54.961566
570,45,Payment failure,Closed,2021-02-17 10:39:47.925329,2021-02-19 10:39:47.925329
571,937,Login issue,Open,2021-07-31 17:57:54.382052,
572,933,Account locked,In Progress,2020-09-01 09:45:46.602116,
573,863,Payment failure,Closed,2021-02-20 23:55:27.043076,2021-03-22 23:55:27.043076
574,882,Payment failure,Open,2021-06-24 21:33:13.898648,
575,599,Account locked,In Progress,2022-01-30 11:01:14.425298,
576,866,Payment failure,Open,2023-05-16 05:43:38.096586,
577,488,Login issue,Closed,2020-01-05 04:31:21.183361,2020-01-22 04:31:21.183361
578,935,Account locked,Open,2021-12-03 01:21:27.301291,
579,825,Payment failure,Closed,2023-01-26 06:17:58.838739,2023-02-07 06:17:58.838739
580,773,Payment failure,Open,2023-12-12 15:38:07.039791,
581,567,Account locked,Open,2023-12-08 23:15:45.341305,
582,145,Product not received,Closed,2023-08-03 10:35:40.686047,2023-08-13 10:35:40.686047
583,712,Login issue,In Progress,2023-02-10 01:56:00.877359,
584,860,Payment failure,Closed,2022-04-17 22:39:35.596577,2022-05-02 22:39:35.596577
585,915,Payment failure,Open,2023-12-01 21:47:36.809545,
586,135,Payment failure,Open,2022-03-20 19:53:02.026901,
587,589,Account locked,Closed,2022-05-30 00:18:37.832615,2022-06-13 00:18:37.832615
588,745,Product not received,Closed,2021-12-01 07:39:06.490452,2021-12-02 07:39:06.490452
589,304,Login issue,Open,2021-02-28 07:56:55.074523,
590,269,Product not received,Closed,2020-02-14 04:59:52.260311,2020-02-28 04:59:52.260311
591,739,Account locked,In Progress,2021-05-30 18:47:08.852576,
592,865,Account locked,Closed,2021-10-08 15:55:07.018625,2021-10-21 15:55:07.018625
593,528,Account locked,Closed,2023-10-21 05:38:05.771349,2023-11-10 05:38:05.771349
594,798,Account locked,Open,2021-10-05 22:31:50.002286,
595,258,Product not received,Open,2020-10-22 07:29:48.946588,
596,291,Payment failure,In Progress,2020-02-29 18:23:59.667522,
597,217,Account locked,Closed,2021-10-07 16:49:58.473584,2021-10-21 16:49:58.473584
598,31,Product not received,Closed,2021-03-15 23:34:16.956996,2021-04-02 23:34:16.956996
599,888,Login issue,In Progress,2021-05-22 17:10:20.332923,
600,81,Account locked,In Progress,2020-05-10 00:43:08.096161,
601,784,Payment failure,Closed,2021-09-29 19:07:34.072763,2021-10-25 19:07:34.072763
602,398,Login issue,In Progress,2021-03-03 10:55:25.359878,
603,49,Payment failure,Open,2022-11-09 00:27:08.778887,
604,412,Product not received,In Progress,2023-06-13 23:36:48.680236,
605,675,Login issue,Closed,2021-02-03 04:02:16.760440,2021-02-15 04:02:16.760440
606,485,Account locked,Closed,2022-01-18 06:55:34.782950,2022-01-31 06:55:34.782950
607,736,Account locked,Open,2023-08-02 06:59:47.262115,
608,117,Account locked,Closed,2023-07-22 09:30:05.232206,2023-07-28 09:30:05.232206
609,823,Payment failure,Closed,2021-10-07 05:56:48.070759,2021-11-06 05:56:48.070759
610,875,Login issue,Closed,2021-05-02 14:25:11.763441,2021-05-19 14:25:11.763441
611,176,Payment failure,Open,2021-07-24 13:22:52.667547,
612,958,Product not received,Open,2021-08-01 19:34:35.495111,
613,296,Account locked,In Progress,2021-11-27 20:21:03.532084,
614,286,Product not received,In Progress,2021-08-04 15:40:28.620275,
615,988,Login issue,Closed,2023-03-02 13:53:47.634050,2023-03-07 13:53:47.634050
616,979,Product not received,In Progress,2022-10-10 23:41:14.889926,
617,528,Product not received,In Progress,2024-07-11 14:40:28.748930,
618,327,Login issue,Closed,2023-01-27 12:01:44.614624,2023-02-14 12:01:44.614624
619,53,Login issue,Closed,2020-12-13 10:39:38.554843,2020-12-21 10:39:38.554843
620,170,Payment failure,Open,2020-09-16 03:04:27.831683,
621,399,Payment failure,Closed,2024-03-11 16:37:46.043072,2024-04-02 16:37:46.043072
622,356,Product not received,Open,2023-05-01 00:31:37.267885,
623,278,Payment failure,Open,2022-10-02 17:49:04.669615,
624,1,Product not received,In Progress,2021-10-22 05:08:10.878160,
625,794,Login issue,In Progress,2023-10-31 20:30:53.580463,
626,690,Account locked,In Progress,2021-04-30 22:17:03.377201,
627,227,Payment failure,Open,2022-11-13 15:03:51.588892,
628,623,Payment failure,In Progress,2022-01-28 01:55:23.061449,
629,918,Account locked,In Progress,2021-08-17 01:04:52.160987,
630,76,Login issue,Closed,2023-10-28 12:33:25.978689,2023-11-22 12:33:25.978689
631,302,Product not received,Open,2023-02-25 07:33:41.619565,
632,894,Account locked,In Progress,2022-07-26 17:05:25.585028,
633,634,Product not received,In Progress,2022-09-20 15:08:58.415111,
634,485,Payment failure,In Progress,2021-04-09 16:02:37.329424,
635,167,Product not received,In Progress,2022-07-27 01:53:28.975850,
636,849,Product not received,Closed,2022-01-17 13:39:21.131436,2022-02-15 13:39:21.131436
637,511,Product not received,Open,2023-04-29 17:33:06.619257,
638,857,Account locked,Closed,2023-07-08 13:20:47.991424,2023-08-06 13:20:47.991424
639,784,Payment failure,Open,2023-11-22 14:03:36.728209,
640,265,Login issue,Open,2023-12-19 20:36:16.339506,
641,76,Product not received,Open,2024-02-10 21:54:49.770334,
642,775,Account locked,Closed,2024-04-14 19:51:39.313332,2024-05-02 19:51:39.313332
643,19,Login issue,Open,2023-08-14 01:16:38.996163,
644,744,Product not received,Open,2022-03-07 00:31:44.988617,
645,94,Login issue,Open,2022-12-13 00:29:53.529764,
646,878,Login issue,Open,2020-03-27 17:11:58.503168,
647,802,Product not received,Open,2024-05-27 01:38:52.991197,
648,654,Login issue,Open,2024-02-18 14:18:07.124593,
649,222,Account locked,Closed,2021-08-10 15:04:14.795872,2021-08-18 15:04:14.795872
650,794,Account locked,Closed,2024-05-27 22:25:46.278986,2024-05-29 22:25:46.278986
651,502,Payment failure,Open,2021-07-07 02:07:31.867081,
652,957,Login issue,In Progress,2020-02-26 23:58:48.850317,
653,42,Product not received,In Progress,2021-05-22 01:32:21.841014,
654,513,Product not received,Open,2023-01-21 06:23:35.938841,
655,809,Product not received,Closed,2020-03-31 14:35:44.592208,2020-04-19 14:35:44.592208
656,867,Product not received,Closed,2022-06-27 15:39:59.594256,2022-06-29 15:39:59.594256
657,406,Login issue,Closed,2023-09-22 11:22:43.376921,2023-09-26 11:22:43.376921
658,854,Payment failure,Open,2020-01-15 01:36:54.323851,
659,700,Product not received,Closed,2022-06-04 09:09:28.771047,2022-06-17 09:09:28.771047
660,954,Account locked,Open,2020-10-18 09:29:35.029428,
661,893,Product not received,Open,2021-05-02 18:39:45.781875,
662,239,Login issue,Open,2022-10-13 20:00:23.869620,
663,353,Login issue,Open,2020-06-19 04:39:24.649404,
664,821,Payment failure,In Progress,2024-05-09 04:03:24.561677,
665,31,Payment failure,Closed,2020-01-04 03:31:58.044221,2020-01-13 03:31:58.044221
666,268,Account locked,Open,2020-09-27 16:43:34.900216,
667,151,Login issue,Open,2022-09-30 02:44:44.787121,
668,28,Login issue,In Progress,2021-03-10 22:25:52.176697,
669,450,Login issue,Open,2023-11-20 01:12:00.647131,
670,929,Account locked,Open,2021-10-31 09:19:10.421978,
671,428,Product not received,Closed,2020-12-26 14:36:46.682857,2021-01-09 14:36:46.682857
672,949,Login issue,In Progress,2024-03-15 19:12:52.011311,
673,652,Login issue,In Progress,2021-03-29 01:25:35.729213,
674,100,Product not received,Open,2021-12-03 13:34:00.007523,
675,731,Login issue,Closed,2021-11-30 23:21:29.638839,2021-12-23 23:21:29.638839
676,132,Product not received,Open,2021-05-16 14:48:07.774810,
677,879,Product not received,Closed,2020-12-29 01:57:53.847983,2021-01-25 01:57:53.847983
678,177,Product not received,Closed,2022-01-28 00:09:40.095640,2022-02-19 00:09:40.095640
679,468,Account locked,Closed,2024-06-19 03:22:02.687945,2024-06-25 03:22:02.687945
680,971,Login issue,Closed,2024-01-02 19:02:06.237530,2024-01-17 19:02:06.237530
681,880,Account locked,Open,2021-03-08 02:16:42.145151,
682,43,Payment failure,In Progress,2023-06-03 02:29:22.643080,
683,602,Account locked,Closed,2023-03-30 20:18:14.753699,2023-03-31 20:18:14.753699
684,972,Login issue,Open,2021-05-10 19:56:20.569901,
685,748,Login issue,Open,2022-07-31 03:22:00.678987,
686,79,Login issue,In Progress,2024-05-16 14:06:38.970701,
687,982,Login issue,In Progress,2021-09-12 05:32:29.230455,
688,874,Login issue,Closed,2021-04-22 15:28:32.070232,2021-05-03 15:28:32.070232
689,676,Login issue,Closed,2024-03-15 06:40:33.820618,2024-03-20 06:40:33.820618
690,54,Account locked,In Progress,2023-09-02 09:45:19.576746,
691,343,Login issue,In Progress,2022-10-31 23:22:30.650509,
692,229,Account locked,In Progress,2021-09-16 01:02:14.807067,
693,663,Payment failure,Closed,2024-06-06 04:52:17.615667,2024-06-07 04:52:17.615667
694,375,Login issue,Open,2020-01-21 16:56:00.267288,
695,597,Payment failure,Closed,2022-10-22 21:41:38.749985,2022-11-17 21:41:38.749985
696,507,Login issue,Closed,2023-04-26 03:43:24.804355,2023-05-12 03:43:24.804355
697,361,Account locked,In Progress,2020-01-17 17:23:47.246574,
698,93,Account locked,Open,2021-02-04 19:42:52.349523,
699,723,Login issue,In Progress,2022-09-29 18:41:44.779225,
700,119,Account locked,Closed,2024-02-20 15:31:41.974949,2024-03-03 15:31:41.974949
701,668,Payment failure,Open,2020-05-06 13:10:11.498095,
702,91,Payment failure,Open,2021-01-18 04:40:08.653172,
703,232,Login issue,Closed,2022-01-30 18:22:54.234976,2022-02-05 18:22:54.234976
704,62,Product not received,In Progress,2024-04-05 18:39:08.684024,
705,70,Payment failure,In Progress,2022-05-07 08:00:14.755178,
706,493,Payment failure,Open,2023-05-06 13:40:12.627050,
707,868,Account locked,In Progress,2023-11-09 00:53:20.009173,
708,777,Login issue,Open,2022-10-27 17:08:23.383377,
709,793,Login issue,In Progress,2023-12-22 08:19:46.674592,
710,313,Payment failure,Open,2023-12-16 11:56:30.380882,
711,453,Account locked,In Progress,2020-07-22 09:07:40.650040,
712,619,Payment failure,In Progress,2020-03-15 06:51:17.185447,
713,351,Login issue,Open,2020-01-25 04:40:57.481054,
714,10,Account locked,In Progress,2020-09-24 10:36:20.219737,
715,310,Product not received,In Progress,2023-03-31 09:05:26.022034,
716,645,Payment failure,Open,2022-07-10 12:09:07.669824,
717,829,Login issue,In Progress,2021-02-07 02:06:20.766922,
718,399,Account locked,Closed,2022-11-30 18:47:55.243058,2022-12-12 18:47:55.243058
719,538,Payment failure,Closed,2023-07-15 14:29:05.434601,2023-08-09 14:29:05.434601
720,583,Payment failure,Closed,2023-10-09 04:59:24.433107,2023-10-28 04:59:24.433107
721,941,Product not received,Open,2024-07-01 13:18:23.128274,
722,791,Product not received,Closed,2021-05-25 12:17:04.748789,2021-06-11 12:17:04.748789
723,339,Account locked,Open,2021-09-20 23:21:33.380464,
724,163,Account locked,Closed,2023-01-17 23:03:07.146935,2023-02-09 23:03:07.146935
725,885,Login issue,Open,2022-11-01 21:57:09.991711,
726,656,Payment failure,In Progress,2020-10-01 13:55:12.741188,
727,358,Product not received,Closed,2024-02-08 04:57:55.221463,2024-02-11 04:57:55.221463
728,743,Product not received,In Progress,2024-05-21 02:52:29.706954,
729,872,Account locked,Open,2022-12-23 04:36:36.019577,
730,162,Product not received,Open,2022-12-09 22:15:45.735743,
731,57,Account locked,In Progress,2022-10-30 13:59:56.310338,
732,263,Payment failure,Closed,2021-11-29 13:57:45.036938,2021-12-23 13:57:45.036938
733,107,Account locked,Closed,2023-03-27 23:55:02.268920,2023-04-16 23:55:02.268920
734,434,Product not received,Closed,2022-07-27 00:11:33.120405,2022-08-06 00:11:33.120405
735,490,Login issue,In Progress,2022-07-06 11:41:28.947474,
736,945,Account locked,In Progress,2023-06-06 15:06:27.289614,
737,210,Payment failure,In Progress,2022-04-28 05:25:13.013488,
738,878,Payment failure,Closed,2022-04-27 22:47:14.381778,2022-05-20 22:47:14.381778
739,311,Product not received,Open,2022-06-21 15:23:26.789953,
740,155,Payment failure,Closed,2022-04-28 00:41:27.558837,2022-05-08 00:41:27.558837
741,857,Product not received,Closed,2022-07-11 17:41:44.745871,2022-08-02 17:41:44.745871
742,5,Account locked,In Progress,2022-06-27 06:36:25.974764,
743,303,Payment failure,Closed,2023-07-13 18:25:25.234938,2023-08-05 18:25:25.234938
744,649,Login issue,In Progress,2020-12-25 15:33:56.343472,
745,468,Product not received,Open,2022-12-29 07:35:28.519817,
746,628,Payment failure,Closed,2022-09-10 07:45:53.731277,2022-10-02 07:45:53.731277
747,947,Login issue,Open,2022-09-02 23:45:33.423593,
748,793,Account locked,Open,2020-03-29 15:49:13.338113,
749,858,Payment failure,In Progress,2021-12-30 04:48:04.581739,
750,193,Payment failure,In Progress,2023-12-31 07:32:39.281594,
751,648,Account locked,In Progress,2023-10-24 05:33:08.084563,
752,792,Payment failure,Closed,2020-12-08 17:22:15.523795,2021-01-02 17:22:15.523795
753,182,Account locked,Open,2023-11-04 08:54:31.826911,
754,485,Product not received,Open,2024-07-13 11:31:04.816139,
755,381,Payment failure,Open,2023-07-12 06:16:26.425076,
756,165,Login issue,Open,2020-09-22 21:04:06.253293,
757,497,Login issue,In Progress,2020-04-24 19:41:03.339969,
758,725,Login issue,Closed,2023-05-15 01:38:32.729161,2023-05-23 01:38:32.729161
759,47,Product not received,Closed,2020-12-06 20:39:29.339128,2020-12-31 20:39:29.339128
760,166,Login issue,In Progress,2023-08-18 16:25:50.526860,
761,74,Login issue,In Progress,2023-03-23 10:26:21.491333,
762,51,Payment failure,In Progress,2022-11-16 21:20:12.832121,
763,366,Login issue,Open,2020-06-23 10:25:02.711932,
764,950,Login issue,Closed,2024-06-12 15:47:27.750072,2024-06-15 15:47:27.750072
765,166,Payment failure,Closed,2021-08-08 09:26:31.160326,2021-08-21 09:26:31.160326
766,673,Product not received,In Progress,2023-01-23 10:28:50.084374,
767,522,Payment failure,Closed,2021-02-26 14:16:58.395214,2021-03-07 14:16:58.395214
768,298,Login issue,In Progress,2020-04-22 17:21:35.066134,
769,583,Product not received,Open,2022-10-30 15:15:04.387478,
770,628,Login issue,Open,2023-03-18 23:54:21.752843,
771,549,Login issue,In Progress,2022-12-15 11:58:00.071891,
772,539,Account locked,Closed,2020-10-26 19:34:52.228364,2020-10-30 19:34:52.228364
773,58,Payment failure,Open,2021-12-26 22:13:50.019727,
774,903,Account locked,In Progress,2024-05-31 22:57:47.822960,
775,768,Payment failure,Closed,2023-02-06 00:26:48.753534,2023-02-22 00:26:48.753534
776,476,Login issue,In Progress,2022-12-17 10:38:45.070199,
777,276,Payment failure,Closed,2023-04-22 16:52:26.445897,2023-05-05 16:52:26.445897
778,923,Account locked,In Progress,2020-06-20 02:15:49.137747,
779,160,Login issue,Open,2021-08-11 22:12:00.057142,
780,398,Product not received,In Progress,2022-12-20 22:20:55.279717,
781,843,Login issue,Closed,2020-02-07 15:03:07.692339,2020-03-06 15:03:07.692339
782,918,Account locked,Open,2021-07-13 19:14:01.737312,
783,297,Account locked,Open,2021-08-24 19:08:19.196222,
784,430,Login issue,Open,2022-02-02 18:27:07.628261,
785,0,Account locked,Closed,2020-06-05 18:58:26.569528,2020-06-12 18:58:26.569528
786,382,Account locked,Closed,2023-10-04 04:34:22.040234,2023-10-22 04:34:22.040234
787,24,Login issue,Open,2021-03-02 16:49:11.531241,
788,611,Product not received,Open,2022-01-26 20:27:24.169062,
789,755,Login issue,Open,2021-12-24 08:18:16.908543,
790,369,Payment failure,In Progress,2020-11-10 17:13:46.898764,
791,26,Login issue,Closed,2022-06-09 06:16:38.507156,2022-07-05 06:16:38.507156
792,912,Account locked,In Progress,2021-06-17 06:56:59.816015,
793,776,Login issue,In Progress,2021-03-20 22:08:59.156819,
794,866,Login issue,In Progress,2020-05-15 07:45:30.989577,
795,146,Login issue,In Progress,2022-11-02 02:24:27.978379,
796,569,Payment failure,Closed,2023-03-30 23:22:02.146949,2023-04-18 23:22:02.146949
797,300,Payment failure,In Progress,2024-07-12 01:22:34.943195,
798,533,Login issue,Open,2020-08-29 08:43:24.823422,
799,315,Login issue,In Progress,2020-02-25 10:06:46.411217,
800,815,Payment failure,Open,2023-10-20 10:25:20.464044,
801,860,Product not received,Closed,2021-07-16 07:30:02.173290,2021-08-03 07:30:02.173290
802,590,Login issue,Closed,2020-10-24 18:10:05.638614,2020-11-19 18:10:05.638614
803,83,Payment failure,Open,2022-04-03 04:39:33.244469,
804,540,Login issue,In Progress,2022-09-28 21:43:17.969996,
805,862,Account locked,Closed,2020-03-15 16:00:04.000218,2020-04-14 16:00:04.000218
806,27,Login issue,Open,2023-09-18 18:16:46.502595,
807,428,Login issue,In Progress,2022-12-10 10:11:19.511366,
808,192,Payment failure,Closed,2024-03-19 20:43:26.286566,2024-04-01 20:43:26.286566
809,900,Payment failure,Open,2021-07-05 21:41:02.784134,
810,74,Login issue,In Progress,2021-09-26 13:47:37.127387,
811,672,Login issue,Closed,2021-04-25 10:58:53.959267,2021-05-04 10:58:53.959267
812,453,Payment failure,Open,2024-06-26 18:27:54.019524,
813,464,Login issue,Open,2021-01-17 02:10:29.376559,
814,666,Payment failure,Open,2021-09-06 23:23:27.425746,
815,613,Login issue,Open,2023-09-09 21:36:11.923439,
816,830,Login issue,In Progress,2022-10-02 05:56:41.912476,
817,359,Payment failure,Closed,2023-06-10 12:23:46.565165,2023-06-22 12:23:46.565165
818,881,Login issue,Open,2024-02-20 06:05:07.574375,
819,933,Login issue,Closed,2023-06-11 17:25:07.407001,2023-06-27 17:25:07.407001
820,961,Login issue,Closed,2020-02-24 10:47:47.859497,2020-03-25 10:47:47.859497
821,978,Product not received,Open,2024-04-06 15:43:13.369809,
822,168,Account locked,In Progress,2022-06-08 08:54:03.398109,
823,955,Account locked,In Progress,2023-01-12 05:51:36.719977,
824,390,Product not received,In Progress,2020-08-02 16:51:55.579379,
825,151,Payment failure,In Progress,2024-01-04 17:11:01.598645,
826,416,Account locked,In Progress,2024-04-03 01:54:19.386726,
827,911,Product not received,Open,2020-03-18 16:54:27.662544,
828,111,Login issue,In Progress,2023-10-08 16:20:02.746259,
829,953,Payment failure,Closed,2022-12-02 15:46:10.957888,2022-12-15 15:46:10.957888
830,603,Product not received,Open,2021-09-03 18:21:46.759008,
831,173,Login issue,Closed,2024-06-15 20:42:58.011076,2024-07-08 20:42:58.011076
832,589,Product not received,Closed,2024-06-16 21:01:29.216795,2024-07-13 21:01:29.216795
833,207,Login issue,Open,2020-04-30 02:43:36.867892,
834,666,Account locked,Open,2020-08-04 05:18:13.838807,
835,297,Login issue,Closed,2021-09-25 08:32:56.659009,2021-10-11 08:32:56.659009
836,590,Login issue,In Progress,2021-05-12 21:32:00.405328,
837,757,Product not received,Open,2023-09-30 20:50:14.765402,
838,670,Account locked,Open,2022-12-28 21:57:34.882388,
839,493,Login issue,Open,2020-06-02 15:10:15.968459,
840,795,Account locked,In Progress,2022-05-22 01:49:30.857836,
841,793,Login issue,In Progress,2024-02-28 14:23:15.368217,
842,849,Payment failure,Closed,2020-11-19 06:47:56.900669,2020-11-19 06:47:56.900669
843,591,Account locked,Open,2023-08-03 08:05:33.842841,
844,919,Payment failure,Open,2021-10-06 15:29:18.615420,
845,54,Payment failure,In Progress,2023-06-25 03:24:35.880150,
846,749,Login issue,In Progress,2022-08-15 05:50:45.740841,
847,18,Payment failure,Open,2020-03-15 08:40:36.098000,
848,272,Payment failure,Open,2024-02-29 02:46:42.956064,
849,814,Product not received,Open,2023-12-10 08:09:00.530725,
850,601,Payment failure,Closed,2022-01-26 18:27:33.328511,2022-02-21 18:27:33.328511
851,25,Account locked,In Progress,2023-12-18 03:59:01.218085,
852,249,Login issue,Open,2022-02-25 12:22:02.875126,
853,140,Product not received,Open,2021-05-22 08:53:36.916897,
854,561,Login issue,Closed,2021-05-16 14:10:12.926060,2021-05-26 14:10:12.926060
855,401,Login issue,Open,2021-10-30 05:37:50.139298,
856,958,Account locked,In Progress,2023-04-13 16:41:44.141441,
857,165,Product not received,Closed,2020-12-17 17:49:41.580427,2020-12-26 17:49:41.580427
858,262,Payment failure,Open,2023-06-20 21:10:46.756144,
859,569,Login issue,Closed,2020-12-16 15:01:31.344095,2021-01-09 15:01:31.344095
860,580,Product not received,Open,2023-06-06 10:20:37.316281,
861,284,Payment failure,In Progress,2022-12-28 12:21:54.292454,
862,627,Login issue,Open,2024-06-27 18:29:04.016869,
863,229,Product not received,In Progress,2021-12-27 11:09:19.232081,
864,975,Account locked,In Progress,2022-03-13 02:46:27.971429,
865,63,Login issue,Open,2024-07-14 13:09:41.656480,
866,733,Payment failure,Closed,2024-03-09 16:59:07.092541,2024-03-20 16:59:07.092541
867,21,Login issue,Closed,2021-12-29 07:55:24.254962,2022-01-21 07:55:24.254962
868,225,Login issue,Closed,2023-11-18 14:03:05.735074,2023-12-10 14:03:05.735074
869,4,Login issue,Open,2020-12-02 12:18:57.722495,
870,342,Account locked,In Progress,2023-04-03 02:02:54.589981,
871,705,Payment failure,Closed,2020-10-11 05:15:04.747861,2020-10-20 05:15:04.747861
872,972,Account locked,In Progress,2021-10-26 04:59:11.783442,
873,257,Payment failure,Open,2021-04-03 06:00:25.732135,
874,335,Account locked,Open,2022-06-06 11:53:22.201804,
875,917,Account locked,In Progress,2020-02-28 10:10:36.703542,
876,384,Product not received,In Progress,2022-02-26 14:26:07.110442,
877,94,Payment failure,Open,2023-07-22 00:40:47.376238,
878,649,Product not received,Closed,2023-07-11 11:41:40.630451,2023-07-28 11:41:40.630451
879,219,Product not received,In Progress,2023-04-03 00:44:45.927925,
880,733,Product not received,Closed,2020-10-03 02:01:54.210456,2020-10-25 02:01:54.210456
881,681,Account locked,Open,2023-06-10 19:17:08.889531,
882,610,Account locked,Open,2023-09-20 19:26:16.459872,
883,222,Payment failure,Open,2023-12-12 01:09:12.251302,
884,589,Product not received,Open,2024-02-14 14:08:57.624605,
885,508,Payment failure,Closed,2020-02-07 08:13:17.571161,2020-02-27 08:13:17.571161
886,486,Payment failure,Open,2022-11-08 09:16:55.992417,
887,742,Account locked,In Progress,2022-09-09 03:19:34.554893,
888,69,Account locked,Closed,2021-07-22 22:30:11.160330,2021-07-23 22:30:11.160330
889,610,Account locked,Open,2024-07-02 23:08:27.593961,
890,743,Product not received,Closed,2022-01-18 12:51:33.618018,2022-01-24 12:51:33.618018
891,833,Account locked,Closed,2024-01-02 21:51:03.827651,2024-01-12 21:51:03.827651
892,915,Payment failure,In Progress,2022-11-11 18:02:00.709719,
893,221,Product not received,Open,2024-05-20 12:05:53.674982,
894,275,Login issue,In Progress,2021-05-30 02:22:13.983252,
895,630,Account locked,In Progress,2021-04-04 05:25:03.281055,
896,656,Product not received,Closed,2021-11-10 11:14:34.699890,2021-11-22 11:14:34.699890
897,227,Login issue,In Progress,2022-09-25 15:39:23.224743,
898,85,Payment failure,In Progress,2023-09-28 23:08:23.991179,
899,461,Login issue,Open,2023-12-24 05:06:56.599438,
900,938,Payment failure,In Progress,2021-11-22 17:33:23.314225,
901,293,Product not received,Open,2024-06-08 02:21:08.433054,
902,972,Payment failure,In Progress,2021-06-15 16:48:07.192157,
903,542,Account locked,In Progress,2022-08-23 15:43:30.743056,
904,363,Payment failure,Closed,2020-05-04 19:12:21.488487,2020-05-23 19:12:21.488487
905,827,Payment failure,Open,2024-02-04 01:03:40.744018,
906,13,Payment failure,Closed,2023-08-07 21:14:51.741447,2023-08-25 21:14:51.741447
907,1,Account locked,In Progress,2023-03-20 12:06:38.022975,
908,389,Product not received,Open,2023-08-08 01:00:17.441613,
909,902,Account locked,Closed,2022-10-21 00:28:44.507598,2022-10-29 00:28:44.507598
910,32,Payment failure,Closed,2021-08-23 19:53:42.833364,2021-08-30 19:53:42.833364
911,919,Login issue,Open,2023-10-27 21:21:28.799005,
912,906,Login issue,Closed,2022-02-16 01:56:11.129154,2022-02-18 01:56:11.129154
913,585,Login issue,Open,2023-01-21 08:53:08.659942,
914,134,Payment failure,Closed,2023-11-15 10:07:23.874330,2023-11-28 10:07:23.874330
915,955,Payment failure,In Progress,2024-07-11 04:52:58.607726,
916,100,Login issue,In Progress,2023-11-30 21:28:27.077904,
917,869,Account locked,In Progress,2023-10-24 13:30:19.302042,
918,560,Product not received,Open,2021-10-26 11:13:30.829734,
919,198,Login issue,Open,2020-02-13 09:21:50.159205,
920,792,Account locked,In Progress,2022-09-06 08:02:47.128772,
921,894,Login issue,In Progress,2023-01-25 14:02:18.518632,
922,734,Product not received,In Progress,2020-10-08 12:20:20.143752,
923,339,Account locked,Closed,2023-09-27 18:16:12.512996,2023-09-27 18:16:12.512996
924,150,Account locked,In Progress,2021-03-11 17:29:04.173177,
925,538,Account locked,Closed,2020-07-18 15:01:45.053234,2020-08-17 15:01:45.053234
926,815,Payment failure,Closed,2022-05-03 04:51:35.176717,2022-05-08 04:51:35.176717
927,290,Login issue,Open,2022-01-26 09:33:21.365079,
928,303,Login issue,Open,2020-12-05 22:30:15.815340,
929,307,Login issue,In Progress,2023-07-19 07:49:06.026808,
930,428,Login issue,Closed,2022-04-27 13:39:28.938908,2022-05-09 13:39:28.938908
931,22,Login issue,In Progress,2022-03-22 10:06:54.865638,
932,876,Payment failure,Open,2023-11-17 04:19:33.267381,
933,767,Product not received,Open,2024-03-19 18:55:45.838219,
934,896,Payment failure,In Progress,2023-06-09 01:03:39.552249,
935,918,Payment failure,Open,2023-06-18 08:39:57.113065,
936,955,Account locked,Closed,2023-07-29 07:51:23.597111,2023-07-31 07:51:23.597111
937,72,Account locked,Open,2024-05-23 22:38:10.600275,
938,621,Login issue,In Progress,2021-10-24 13:26:54.958966,
939,87,Product not received,Open,2020-09-12 19:11:06.437278,
940,913,Login issue,Open,2022-02-12 01:49:57.163683,
941,471,Account locked,In Progress,2022-01-08 18:05:07.916246,
942,506,Product not received,In Progress,2023-01-29 04:32:24.622330,
943,883,Account locked,Open,2024-01-21 11:37:26.053190,
944,383,Product not received,In Progress,2022-06-27 17:15:20.243725,
945,506,Account locked,Closed,2023-05-08 06:34:23.511681,2023-05-09 06:34:23.511681
946,845,Login issue,Closed,2022-03-12 15:32:52.637230,2022-03-29 15:32:52.637230
947,907,Account locked,Closed,2022-03-19 20:00:17.024777,2022-04-13 20:00:17.024777
948,127,Account locked,Open,2021-07-09 23:09:16.140892,
949,255,Product not received,Open,2020-09-14 17:13:26.976220,
950,102,Payment failure,Closed,2022-01-21 07:07:32.897321,2022-02-12 07:07:32.897321
951,118,Login issue,Open,2020-11-06 08:38:42.808281,
952,434,Account locked,Closed,2023-05-05 16:01:14.598728,2023-06-03 16:01:14.598728
953,782,Product not received,Closed,2021-02-05 21:49:07.592460,2021-03-06 21:49:07.592460
954,966,Product not received,Open,2023-04-14 22:46:24.321293,
955,436,Product not received,Open,2021-12-19 18:35:34.017899,
956,952,Account locked,Open,2021-08-16 04:34:50.382727,
957,82,Account locked,In Progress,2020-02-18 07:27:07.844498,
958,900,Product not received,Open,2023-07-15 04:02:47.449820,
959,934,Payment failure,Open,2023-11-20 11:17:45.557545,
960,969,Payment failure,In Progress,2020-12-18 20:05:06.250557,
961,756,Login issue,Closed,2020-07-08 03:45:26.695282,2020-07-10 03:45:26.695282
962,113,Product not received,Closed,2020-08-24 01:15:56.464826,2020-09-23 01:15:56.464826
963,598,Login issue,Closed,2020-09-05 11:32:09.383006,2020-09-26 11:32:09.383006
964,235,Account locked,Open,2020-11-05 05:32:00.368541,
965,74,Payment failure,Closed,2022-01-28 20:04:57.206622,2022-02-24 20:04:57.206622
966,68,Product not received,Closed,2020-12-25 09:00:02.919405,2021-01-12 09:00:02.919405
967,124,Payment failure,Open,2021-11-08 16:25:03.967246,
968,665,Product not received,In Progress,2021-01-01 22:00:51.916813,
969,293,Product not received,Closed,2024-07-09 22:58:30.798314,2024-08-06 22:58:30.798314
970,13,Payment failure,In Progress,2021-05-10 04:28:48.516507,
971,201,Account locked,Closed,2021-01-16 21:11:15.204574,2021-02-15 21:11:15.204574
972,53,Login issue,In Progress,2020-10-20 19:08:48.185042,
973,227,Payment failure,Open,2024-07-02 23:30:29.627391,
974,955,Login issue,Closed,2022-08-31 14:01:45.697210,2022-09-27 14:01:45.697210
975,867,Login issue,In Progress,2023-06-27 10:11:59.034292,
976,977,Login issue,Closed,2020-07-06 01:12:17.563352,2020-07-14 01:12:17.563352
977,218,Login issue,Open,2023-02-24 12:57:23.211740,
978,78,Product not received,In Progress,2024-05-28 12:35:43.392476,
979,979,Payment failure,Closed,2021-07-25 00:36:26.152879,2021-08-22 00:36:26.152879
980,106,Product not received,Open,2021-06-29 21:23:06.382008,
981,166,Payment failure,Open,2022-06-15 21:54:46.420838,
982,810,Payment failure,Closed,2021-08-12 01:34:38.394783,2021-08-30 01:34:38.394783
983,73,Payment failure,Open,2021-03-03 10:46:15.703114,
984,190,Product not received,In Progress,2021-09-03 15:10:44.333381,
985,51,Payment failure,In Progress,2022-08-04 22:25:56.685274,
986,547,Product not received,In Progress,2021-08-12 14:17:00.346269,
987,829,Payment failure,Closed,2023-04-09 19:04:33.476777,2023-04-22 19:04:33.476777
988,680,Payment failure,In Progress,2023-11-01 17:21:15.007440,
989,135,Login issue,Open,2023-08-16 21:09:49.352292,
990,837,Login issue,Closed,2021-10-20 02:40:40.396116,2021-11-10 02:40:40.396116
991,670,Payment failure,Closed,2020-08-04 20:34:14.903268,2020-08-04 20:34:14.903268
992,216,Product not received,Open,2022-10-06 19:00:02.897793,
993,335,Payment failure,Closed,2020-03-09 04:27:10.192698,2020-03-19 04:27:10.192698
994,669,Payment failure,Closed,2022-10-25 04:22:20.710081,2022-10-29 04:22:20.710081
995,116,Account locked,Open,2021-09-21 03:17:23.402488,
996,568,Product not received,Closed,2023-12-01 18:30:56.921221,2023-12-10 18:30:56.921221
997,423,Product not received,In Progress,2022-01-01 03:10:43.980925,
998,269,Product not received,Closed,2021-08-02 13:04:22.362613,2021-08-13 13:04:22.362613
999,73,Payment failure,In Progress,2021-08-15 15:08:48.374216,
